DATAFLOW,LAST UPDATE,freq,unit,geo,TIME_PERIOD,OBS_VALUE,OBS_FLAG
ESTAT:NRG_IND_EP$DEFAULTVIEW(1.0),15/05/24 23:00:00,A,EUR_KGOE,AL,2013,3.961,
ESTAT:NRG_IND_EP$DEFAULTVIEW(1.0),15/05/24 23:00:00,A,EUR_KGOE,AL,2014,4.048,
ESTAT:NRG_IND_EP$DEFAULTVIEW(1.0),15/05/24 23:00:00,A,EUR_KGOE,AL,2015,4.431,
ESTAT:NRG_IND_EP$DEFAULTVIEW(1.0),15/05/24 23:00:00,A,EUR_KGOE,AL,2016,4.405,
ESTAT:NRG_IND_EP$DEFAULTVIEW(1.0),15/05/24 23:00:00,A,EUR_KGOE,AL,2017,4.371,
ESTAT:NRG_IND_EP$DEFAULTVIEW(1.0),15/05/24 23:00:00,A,EUR_KGOE,AL,2018,4.573,
ESTAT:NRG_IND_EP$DEFAULTVIEW(1.0),15/05/24 23:00:00,A,EUR_KGOE,AL,2019,4.692,
ESTAT:NRG_IND_EP$DEFAULTVIEW(1.0),15/05/24 23:00:00,A,EUR_KGOE,AL,2020,4.879,
ESTAT:NRG_IND_EP$DEFAULTVIEW(1.0),15/05/24 23:00:00,A,EUR_KGOE,AT,2013,8.984,
ESTAT:NRG_IND_EP$DEFAULTVIEW(1.0),15/05/24 23:00:00,A,EUR_KGOE,AT,2014,9.373,
ESTAT:NRG_IND_EP$DEFAULTVIEW(1.0),15/05/24 23:00:00,A,EUR_KGOE,AT,2015,9.242,
ESTAT:NRG_IND_EP$DEFAULTVIEW(1.0),15/05/24 23:00:00,A,EUR_KGOE,AT,2016,9.297,
ESTAT:NRG_IND_EP$DEFAULTVIEW(1.0),15/05/24 23:00:00,A,EUR_KGOE,AT,2017,9.339,
ESTAT:NRG_IND_EP$DEFAULTVIEW(1.0),15/05/24 23:00:00,A,EUR_KGOE,AT,2018,9.790,
ESTAT:NRG_IND_EP$DEFAULTVIEW(1.0),15/05/24 23:00:00,A,EUR_KGOE,AT,2019,9.716,
ESTAT:NRG_IND_EP$DEFAULTVIEW(1.0),15/05/24 23:00:00,A,EUR_KGOE,AT,2020,9.753,
ESTAT:NRG_IND_EP$DEFAULTVIEW(1.0),15/05/24 23:00:00,A,EUR_KGOE,AT,2021,9.610,
ESTAT:NRG_IND_EP$DEFAULTVIEW(1.0),15/05/24 23:00:00,A,EUR_KGOE,AT,2022,10.631,
ESTAT:NRG_IND_EP$DEFAULTVIEW(1.0),15/05/24 23:00:00,A,EUR_KGOE,BA,2014,2.240,
ESTAT:NRG_IND_EP$DEFAULTVIEW(1.0),15/05/24 23:00:00,A,EUR_KGOE,BA,2015,2.268,
ESTAT:NRG_IND_EP$DEFAULTVIEW(1.0),15/05/24 23:00:00,A,EUR_KGOE,BA,2016,2.140,
ESTAT:NRG_IND_EP$DEFAULTVIEW(1.0),15/05/24 23:00:00,A,EUR_KGOE,BA,2017,2.213,
ESTAT:NRG_IND_EP$DEFAULTVIEW(1.0),15/05/24 23:00:00,A,EUR_KGOE,BA,2018,2.075,
ESTAT:NRG_IND_EP$DEFAULTVIEW(1.0),15/05/24 23:00:00,A,EUR_KGOE,BA,2019,2.209,
ESTAT:NRG_IND_EP$DEFAULTVIEW(1.0),15/05/24 23:00:00,A,EUR_KGOE,BA,2020,2.179,
ESTAT:NRG_IND_EP$DEFAULTVIEW(1.0),15/05/24 23:00:00,A,EUR_KGOE,BA,2021,2.256,
ESTAT:NRG_IND_EP$DEFAULTVIEW(1.0),15/05/24 23:00:00,A,EUR_KGOE,BA,2022,2.371,
ESTAT:NRG_IND_EP$DEFAULTVIEW(1.0),15/05/24 23:00:00,A,EUR_KGOE,BE,2013,5.966,
ESTAT:NRG_IND_EP$DEFAULTVIEW(1.0),15/05/24 23:00:00,A,EUR_KGOE,BE,2014,6.434,
ESTAT:NRG_IND_EP$DEFAULTVIEW(1.0),15/05/24 23:00:00,A,EUR_KGOE,BE,2015,6.510,
ESTAT:NRG_IND_EP$DEFAULTVIEW(1.0),15/05/24 23:00:00,A,EUR_KGOE,BE,2016,6.212,
ESTAT:NRG_IND_EP$DEFAULTVIEW(1.0),15/05/24 23:00:00,A,EUR_KGOE,BE,2017,6.236,
ESTAT:NRG_IND_EP$DEFAULTVIEW(1.0),15/05/24 23:00:00,A,EUR_KGOE,BE,2018,6.341,
ESTAT:NRG_IND_EP$DEFAULTVIEW(1.0),15/05/24 23:00:00,A,EUR_KGOE,BE,2019,6.454,
ESTAT:NRG_IND_EP$DEFAULTVIEW(1.0),15/05/24 23:00:00,A,EUR_KGOE,BE,2020,6.795,
ESTAT:NRG_IND_EP$DEFAULTVIEW(1.0),15/05/24 23:00:00,A,EUR_KGOE,BE,2021,6.526,
ESTAT:NRG_IND_EP$DEFAULTVIEW(1.0),15/05/24 23:00:00,A,EUR_KGOE,BE,2022,7.221,
ESTAT:NRG_IND_EP$DEFAULTVIEW(1.0),15/05/24 23:00:00,A,EUR_KGOE,BG,2013,2.281,
ESTAT:NRG_IND_EP$DEFAULTVIEW(1.0),15/05/24 23:00:00,A,EUR_KGOE,BG,2014,2.202,
ESTAT:NRG_IND_EP$DEFAULTVIEW(1.0),15/05/24 23:00:00,A,EUR_KGOE,BG,2015,2.178,
ESTAT:NRG_IND_EP$DEFAULTVIEW(1.0),15/05/24 23:00:00,A,EUR_KGOE,BG,2016,2.293,
ESTAT:NRG_IND_EP$DEFAULTVIEW(1.0),15/05/24 23:00:00,A,EUR_KGOE,BG,2017,2.276,
ESTAT:NRG_IND_EP$DEFAULTVIEW(1.0),15/05/24 23:00:00,A,EUR_KGOE,BG,2018,2.346,
ESTAT:NRG_IND_EP$DEFAULTVIEW(1.0),15/05/24 23:00:00,A,EUR_KGOE,BG,2019,2.466,
ESTAT:NRG_IND_EP$DEFAULTVIEW(1.0),15/05/24 23:00:00,A,EUR_KGOE,BG,2020,2.495,
ESTAT:NRG_IND_EP$DEFAULTVIEW(1.0),15/05/24 23:00:00,A,EUR_KGOE,BG,2021,2.469,
ESTAT:NRG_IND_EP$DEFAULTVIEW(1.0),15/05/24 23:00:00,A,EUR_KGOE,BG,2022,2.532,
ESTAT:NRG_IND_EP$DEFAULTVIEW(1.0),15/05/24 23:00:00,A,EUR_KGOE,CY,2013,7.222,
ESTAT:NRG_IND_EP$DEFAULTVIEW(1.0),15/05/24 23:00:00,A,EUR_KGOE,CY,2014,6.989,
ESTAT:NRG_IND_EP$DEFAULTVIEW(1.0),15/05/24 23:00:00,A,EUR_KGOE,CY,2015,7.044,
ESTAT:NRG_IND_EP$DEFAULTVIEW(1.0),15/05/24 23:00:00,A,EUR_KGOE,CY,2016,6.938,
ESTAT:NRG_IND_EP$DEFAULTVIEW(1.0),15/05/24 23:00:00,A,EUR_KGOE,CY,2017,7.137,
ESTAT:NRG_IND_EP$DEFAULTVIEW(1.0),15/05/24 23:00:00,A,EUR_KGOE,CY,2018,7.344,
ESTAT:NRG_IND_EP$DEFAULTVIEW(1.0),15/05/24 23:00:00,A,EUR_KGOE,CY,2019,7.748,
ESTAT:NRG_IND_EP$DEFAULTVIEW(1.0),15/05/24 23:00:00,A,EUR_KGOE,CY,2020,8.489,
ESTAT:NRG_IND_EP$DEFAULTVIEW(1.0),15/05/24 23:00:00,A,EUR_KGOE,CY,2021,8.968,
ESTAT:NRG_IND_EP$DEFAULTVIEW(1.0),15/05/24 23:00:00,A,EUR_KGOE,CY,2022,8.772,
ESTAT:NRG_IND_EP$DEFAULTVIEW(1.0),15/05/24 23:00:00,A,EUR_KGOE,CZ,2013,3.668,
ESTAT:NRG_IND_EP$DEFAULTVIEW(1.0),15/05/24 23:00:00,A,EUR_KGOE,CZ,2014,3.879,
ESTAT:NRG_IND_EP$DEFAULTVIEW(1.0),15/05/24 23:00:00,A,EUR_KGOE,CZ,2015,4.084,
ESTAT:NRG_IND_EP$DEFAULTVIEW(1.0),15/05/24 23:00:00,A,EUR_KGOE,CZ,2016,4.227,
ESTAT:NRG_IND_EP$DEFAULTVIEW(1.0),15/05/24 23:00:00,A,EUR_KGOE,CZ,2017,4.261,
ESTAT:NRG_IND_EP$DEFAULTVIEW(1.0),15/05/24 23:00:00,A,EUR_KGOE,CZ,2018,4.381,
ESTAT:NRG_IND_EP$DEFAULTVIEW(1.0),15/05/24 23:00:00,A,EUR_KGOE,CZ,2019,4.588,
ESTAT:NRG_IND_EP$DEFAULTVIEW(1.0),15/05/24 23:00:00,A,EUR_KGOE,CZ,2020,4.616,
ESTAT:NRG_IND_EP$DEFAULTVIEW(1.0),15/05/24 23:00:00,A,EUR_KGOE,CZ,2021,4.509,
ESTAT:NRG_IND_EP$DEFAULTVIEW(1.0),15/05/24 23:00:00,A,EUR_KGOE,CZ,2022,4.712,
ESTAT:NRG_IND_EP$DEFAULTVIEW(1.0),15/05/24 23:00:00,A,EUR_KGOE,DE,2013,8.070,
ESTAT:NRG_IND_EP$DEFAULTVIEW(1.0),15/05/24 23:00:00,A,EUR_KGOE,DE,2014,8.616,
ESTAT:NRG_IND_EP$DEFAULTVIEW(1.0),15/05/24 23:00:00,A,EUR_KGOE,DE,2015,8.699,
ESTAT:NRG_IND_EP$DEFAULTVIEW(1.0),15/05/24 23:00:00,A,EUR_KGOE,DE,2016,8.829,
ESTAT:NRG_IND_EP$DEFAULTVIEW(1.0),15/05/24 23:00:00,A,EUR_KGOE,DE,2017,9.026,
ESTAT:NRG_IND_EP$DEFAULTVIEW(1.0),15/05/24 23:00:00,A,EUR_KGOE,DE,2018,9.337,
ESTAT:NRG_IND_EP$DEFAULTVIEW(1.0),15/05/24 23:00:00,A,EUR_KGOE,DE,2019,9.652,
ESTAT:NRG_IND_EP$DEFAULTVIEW(1.0),15/05/24 23:00:00,A,EUR_KGOE,DE,2020,10.038,
ESTAT:NRG_IND_EP$DEFAULTVIEW(1.0),15/05/24 23:00:00,A,EUR_KGOE,DE,2021,9.955,
ESTAT:NRG_IND_EP$DEFAULTVIEW(1.0),15/05/24 23:00:00,A,EUR_KGOE,DE,2022,10.635,
ESTAT:NRG_IND_EP$DEFAULTVIEW(1.0),15/05/24 23:00:00,A,EUR_KGOE,DK,2013,13.190,
ESTAT:NRG_IND_EP$DEFAULTVIEW(1.0),15/05/24 23:00:00,A,EUR_KGOE,DK,2014,14.012,
ESTAT:NRG_IND_EP$DEFAULTVIEW(1.0),15/05/24 23:00:00,A,EUR_KGOE,DK,2015,14.377,
ESTAT:NRG_IND_EP$DEFAULTVIEW(1.0),15/05/24 23:00:00,A,EUR_KGOE,DK,2016,14.534,
ESTAT:NRG_IND_EP$DEFAULTVIEW(1.0),15/05/24 23:00:00,A,EUR_KGOE,DK,2017,14.955,
ESTAT:NRG_IND_EP$DEFAULTVIEW(1.0),15/05/24 23:00:00,A,EUR_KGOE,DK,2018,15.176,
ESTAT:NRG_IND_EP$DEFAULTVIEW(1.0),15/05/24 23:00:00,A,EUR_KGOE,DK,2019,15.731,
ESTAT:NRG_IND_EP$DEFAULTVIEW(1.0),15/05/24 23:00:00,A,EUR_KGOE,DK,2020,16.763,
ESTAT:NRG_IND_EP$DEFAULTVIEW(1.0),15/05/24 23:00:00,A,EUR_KGOE,DK,2021,17.020,
ESTAT:NRG_IND_EP$DEFAULTVIEW(1.0),15/05/24 23:00:00,A,EUR_KGOE,DK,2022,17.750,
ESTAT:NRG_IND_EP$DEFAULTVIEW(1.0),15/05/24 23:00:00,A,EUR_KGOE,EE,2013,2.631,
ESTAT:NRG_IND_EP$DEFAULTVIEW(1.0),15/05/24 23:00:00,A,EUR_KGOE,EE,2014,2.891,
ESTAT:NRG_IND_EP$DEFAULTVIEW(1.0),15/05/24 23:00:00,A,EUR_KGOE,EE,2015,3.383,
ESTAT:NRG_IND_EP$DEFAULTVIEW(1.0),15/05/24 23:00:00,A,EUR_KGOE,EE,2016,2.848,
ESTAT:NRG_IND_EP$DEFAULTVIEW(1.0),15/05/24 23:00:00,A,EUR_KGOE,EE,2017,3.041,
ESTAT:NRG_IND_EP$DEFAULTVIEW(1.0),15/05/24 23:00:00,A,EUR_KGOE,EE,2018,3.267,
ESTAT:NRG_IND_EP$DEFAULTVIEW(1.0),15/05/24 23:00:00,A,EUR_KGOE,EE,2019,4.014,
ESTAT:NRG_IND_EP$DEFAULTVIEW(1.0),15/05/24 23:00:00,A,EUR_KGOE,EE,2020,4.233,
ESTAT:NRG_IND_EP$DEFAULTVIEW(1.0),15/05/24 23:00:00,A,EUR_KGOE,EE,2021,4.429,
ESTAT:NRG_IND_EP$DEFAULTVIEW(1.0),15/05/24 23:00:00,A,EUR_KGOE,EE,2022,4.192,
ESTAT:NRG_IND_EP$DEFAULTVIEW(1.0),15/05/24 23:00:00,A,EUR_KGOE,EL,2013,6.965,
ESTAT:NRG_IND_EP$DEFAULTVIEW(1.0),15/05/24 23:00:00,A,EUR_KGOE,EL,2014,7.087,
ESTAT:NRG_IND_EP$DEFAULTVIEW(1.0),15/05/24 23:00:00,A,EUR_KGOE,EL,2015,7.070,
ESTAT:NRG_IND_EP$DEFAULTVIEW(1.0),15/05/24 23:00:00,A,EUR_KGOE,EL,2016,7.173,
ESTAT:NRG_IND_EP$DEFAULTVIEW(1.0),15/05/24 23:00:00,A,EUR_KGOE,EL,2017,6.936,
ESTAT:NRG_IND_EP$DEFAULTVIEW(1.0),15/05/24 23:00:00,A,EUR_KGOE,EL,2018,7.189,
ESTAT:NRG_IND_EP$DEFAULTVIEW(1.0),15/05/24 23:00:00,A,EUR_KGOE,EL,2019,7.310,
ESTAT:NRG_IND_EP$DEFAULTVIEW(1.0),15/05/24 23:00:00,A,EUR_KGOE,EL,2020,7.829,
ESTAT:NRG_IND_EP$DEFAULTVIEW(1.0),15/05/24 23:00:00,A,EUR_KGOE,EL,2021,8.032,
ESTAT:NRG_IND_EP$DEFAULTVIEW(1.0),15/05/24 23:00:00,A,EUR_KGOE,EL,2022,8.317,
ESTAT:NRG_IND_EP$DEFAULTVIEW(1.0),15/05/24 23:00:00,A,EUR_KGOE,ES,2013,7.955,
ESTAT:NRG_IND_EP$DEFAULTVIEW(1.0),15/05/24 23:00:00,A,EUR_KGOE,ES,2014,8.187,
ESTAT:NRG_IND_EP$DEFAULTVIEW(1.0),15/05/24 23:00:00,A,EUR_KGOE,ES,2015,8.219,
ESTAT:NRG_IND_EP$DEFAULTVIEW(1.0),15/05/24 23:00:00,A,EUR_KGOE,ES,2016,8.403,
ESTAT:NRG_IND_EP$DEFAULTVIEW(1.0),15/05/24 23:00:00,A,EUR_KGOE,ES,2017,8.293,
ESTAT:NRG_IND_EP$DEFAULTVIEW(1.0),15/05/24 23:00:00,A,EUR_KGOE,ES,2018,8.475,
ESTAT:NRG_IND_EP$DEFAULTVIEW(1.0),15/05/24 23:00:00,A,EUR_KGOE,ES,2019,8.852,
ESTAT:NRG_IND_EP$DEFAULTVIEW(1.0),15/05/24 23:00:00,A,EUR_KGOE,ES,2020,8.918,
ESTAT:NRG_IND_EP$DEFAULTVIEW(1.0),15/05/24 23:00:00,A,EUR_KGOE,ES,2021,8.953,
ESTAT:NRG_IND_EP$DEFAULTVIEW(1.0),15/05/24 23:00:00,A,EUR_KGOE,ES,2022,9.257,
ESTAT:NRG_IND_EP$DEFAULTVIEW(1.0),15/05/24 23:00:00,A,EUR_KGOE,EU27_2020,2013,7.295,
ESTAT:NRG_IND_EP$DEFAULTVIEW(1.0),15/05/24 23:00:00,A,EUR_KGOE,EU27_2020,2014,7.675,
ESTAT:NRG_IND_EP$DEFAULTVIEW(1.0),15/05/24 23:00:00,A,EUR_KGOE,EU27_2020,2015,7.784,
ESTAT:NRG_IND_EP$DEFAULTVIEW(1.0),15/05/24 23:00:00,A,EUR_KGOE,EU27_2020,2016,7.841,
ESTAT:NRG_IND_EP$DEFAULTVIEW(1.0),15/05/24 23:00:00,A,EUR_KGOE,EU27_2020,2017,7.909,
ESTAT:NRG_IND_EP$DEFAULTVIEW(1.0),15/05/24 23:00:00,A,EUR_KGOE,EU27_2020,2018,8.142,
ESTAT:NRG_IND_EP$DEFAULTVIEW(1.0),15/05/24 23:00:00,A,EUR_KGOE,EU27_2020,2019,8.365,
ESTAT:NRG_IND_EP$DEFAULTVIEW(1.0),15/05/24 23:00:00,A,EUR_KGOE,EU27_2020,2020,8.596,
ESTAT:NRG_IND_EP$DEFAULTVIEW(1.0),15/05/24 23:00:00,A,EUR_KGOE,EU27_2020,2021,8.592,
ESTAT:NRG_IND_EP$DEFAULTVIEW(1.0),15/05/24 23:00:00,A,EUR_KGOE,EU27_2020,2022,9.309,
ESTAT:NRG_IND_EP$DEFAULTVIEW(1.0),15/05/24 23:00:00,A,EUR_KGOE,FI,2013,5.586,
ESTAT:NRG_IND_EP$DEFAULTVIEW(1.0),15/05/24 23:00:00,A,EUR_KGOE,FI,2014,5.453,
ESTAT:NRG_IND_EP$DEFAULTVIEW(1.0),15/05/24 23:00:00,A,EUR_KGOE,FI,2015,5.730,
ESTAT:NRG_IND_EP$DEFAULTVIEW(1.0),15/05/24 23:00:00,A,EUR_KGOE,FI,2016,5.686,
ESTAT:NRG_IND_EP$DEFAULTVIEW(1.0),15/05/24 23:00:00,A,EUR_KGOE,FI,2017,5.789,
ESTAT:NRG_IND_EP$DEFAULTVIEW(1.0),15/05/24 23:00:00,A,EUR_KGOE,FI,2018,5.751,
ESTAT:NRG_IND_EP$DEFAULTVIEW(1.0),15/05/24 23:00:00,A,EUR_KGOE,FI,2019,5.938,
ESTAT:NRG_IND_EP$DEFAULTVIEW(1.0),15/05/24 23:00:00,A,EUR_KGOE,FI,2020,6.176,
ESTAT:NRG_IND_EP$DEFAULTVIEW(1.0),15/05/24 23:00:00,A,EUR_KGOE,FI,2021,6.060,
ESTAT:NRG_IND_EP$DEFAULTVIEW(1.0),15/05/24 23:00:00,A,EUR_KGOE,FI,2022,6.358,
ESTAT:NRG_IND_EP$DEFAULTVIEW(1.0),15/05/24 23:00:00,A,EUR_KGOE,FR,2013,7.663,
ESTAT:NRG_IND_EP$DEFAULTVIEW(1.0),15/05/24 23:00:00,A,EUR_KGOE,FR,2014,8.052,
ESTAT:NRG_IND_EP$DEFAULTVIEW(1.0),15/05/24 23:00:00,A,EUR_KGOE,FR,2015,8.012,
ESTAT:NRG_IND_EP$DEFAULTVIEW(1.0),15/05/24 23:00:00,A,EUR_KGOE,FR,2016,8.243,
ESTAT:NRG_IND_EP$DEFAULTVIEW(1.0),15/05/24 23:00:00,A,EUR_KGOE,FR,2017,8.428,
ESTAT:NRG_IND_EP$DEFAULTVIEW(1.0),15/05/24 23:00:00,A,EUR_KGOE,FR,2018,8.617,
ESTAT:NRG_IND_EP$DEFAULTVIEW(1.0),15/05/24 23:00:00,A,EUR_KGOE,FR,2019,8.885,
ESTAT:NRG_IND_EP$DEFAULTVIEW(1.0),15/05/24 23:00:00,A,EUR_KGOE,FR,2020,9.273,
ESTAT:NRG_IND_EP$DEFAULTVIEW(1.0),15/05/24 23:00:00,A,EUR_KGOE,FR,2021,9.121,
ESTAT:NRG_IND_EP$DEFAULTVIEW(1.0),15/05/24 23:00:00,A,EUR_KGOE,FR,2022,10.278,
ESTAT:NRG_IND_EP$DEFAULTVIEW(1.0),15/05/24 23:00:00,A,EUR_KGOE,HR,2013,5.217,
ESTAT:NRG_IND_EP$DEFAULTVIEW(1.0),15/05/24 23:00:00,A,EUR_KGOE,HR,2014,5.457,
ESTAT:NRG_IND_EP$DEFAULTVIEW(1.0),15/05/24 23:00:00,A,EUR_KGOE,HR,2015,5.364,
ESTAT:NRG_IND_EP$DEFAULTVIEW(1.0),15/05/24 23:00:00,A,EUR_KGOE,HR,2016,5.511,
ESTAT:NRG_IND_EP$DEFAULTVIEW(1.0),15/05/24 23:00:00,A,EUR_KGOE,HR,2017,5.501,
ESTAT:NRG_IND_EP$DEFAULTVIEW(1.0),15/05/24 23:00:00,A,EUR_KGOE,HR,2018,5.790,
ESTAT:NRG_IND_EP$DEFAULTVIEW(1.0),15/05/24 23:00:00,A,EUR_KGOE,HR,2019,5.910,
ESTAT:NRG_IND_EP$DEFAULTVIEW(1.0),15/05/24 23:00:00,A,EUR_KGOE,HR,2020,5.725,
ESTAT:NRG_IND_EP$DEFAULTVIEW(1.0),15/05/24 23:00:00,A,EUR_KGOE,HR,2021,6.178,
ESTAT:NRG_IND_EP$DEFAULTVIEW(1.0),15/05/24 23:00:00,A,EUR_KGOE,HR,2022,6.761,
ESTAT:NRG_IND_EP$DEFAULTVIEW(1.0),15/05/24 23:00:00,A,EUR_KGOE,HU,2013,4.271,
ESTAT:NRG_IND_EP$DEFAULTVIEW(1.0),15/05/24 23:00:00,A,EUR_KGOE,HU,2014,4.470,
ESTAT:NRG_IND_EP$DEFAULTVIEW(1.0),15/05/24 23:00:00,A,EUR_KGOE,HU,2015,4.382,
ESTAT:NRG_IND_EP$DEFAULTVIEW(1.0),15/05/24 23:00:00,A,EUR_KGOE,HU,2016,4.423,
ESTAT:NRG_IND_EP$DEFAULTVIEW(1.0),15/05/24 23:00:00,A,EUR_KGOE,HU,2017,4.415,
ESTAT:NRG_IND_EP$DEFAULTVIEW(1.0),15/05/24 23:00:00,A,EUR_KGOE,HU,2018,4.644,
ESTAT:NRG_IND_EP$DEFAULTVIEW(1.0),15/05/24 23:00:00,A,EUR_KGOE,HU,2019,4.869,
ESTAT:NRG_IND_EP$DEFAULTVIEW(1.0),15/05/24 23:00:00,A,EUR_KGOE,HU,2020,4.752,
ESTAT:NRG_IND_EP$DEFAULTVIEW(1.0),15/05/24 23:00:00,A,EUR_KGOE,HU,2021,4.858,
ESTAT:NRG_IND_EP$DEFAULTVIEW(1.0),15/05/24 23:00:00,A,EUR_KGOE,HU,2022,5.393,
ESTAT:NRG_IND_EP$DEFAULTVIEW(1.0),15/05/24 23:00:00,A,EUR_KGOE,IE,2013,12.741,
ESTAT:NRG_IND_EP$DEFAULTVIEW(1.0),15/05/24 23:00:00,A,EUR_KGOE,IE,2014,13.777,
ESTAT:NRG_IND_EP$DEFAULTVIEW(1.0),15/05/24 23:00:00,A,EUR_KGOE,IE,2015,16.207,
ESTAT:NRG_IND_EP$DEFAULTVIEW(1.0),15/05/24 23:00:00,A,EUR_KGOE,IE,2016,15.633,
ESTAT:NRG_IND_EP$DEFAULTVIEW(1.0),15/05/24 23:00:00,A,EUR_KGOE,IE,2017,17.228,
ESTAT:NRG_IND_EP$DEFAULTVIEW(1.0),15/05/24 23:00:00,A,EUR_KGOE,IE,2018,18.581,
ESTAT:NRG_IND_EP$DEFAULTVIEW(1.0),15/05/24 23:00:00,A,EUR_KGOE,IE,2019,19.505,
ESTAT:NRG_IND_EP$DEFAULTVIEW(1.0),15/05/24 23:00:00,A,EUR_KGOE,IE,2020,22.578,
ESTAT:NRG_IND_EP$DEFAULTVIEW(1.0),15/05/24 23:00:00,A,EUR_KGOE,IE,2021,25.039,
ESTAT:NRG_IND_EP$DEFAULTVIEW(1.0),15/05/24 23:00:00,A,EUR_KGOE,IE,2022,26.774,
ESTAT:NRG_IND_EP$DEFAULTVIEW(1.0),15/05/24 23:00:00,A,EUR_KGOE,IS,2013,1.835,
ESTAT:NRG_IND_EP$DEFAULTVIEW(1.0),15/05/24 23:00:00,A,EUR_KGOE,IS,2014,1.866,
ESTAT:NRG_IND_EP$DEFAULTVIEW(1.0),15/05/24 23:00:00,A,EUR_KGOE,IS,2015,2.021,
ESTAT:NRG_IND_EP$DEFAULTVIEW(1.0),15/05/24 23:00:00,A,EUR_KGOE,IS,2016,2.225,
ESTAT:NRG_IND_EP$DEFAULTVIEW(1.0),15/05/24 23:00:00,A,EUR_KGOE,IS,2017,2.180,
ESTAT:NRG_IND_EP$DEFAULTVIEW(1.0),15/05/24 23:00:00,A,EUR_KGOE,IS,2018,2.076,
ESTAT:NRG_IND_EP$DEFAULTVIEW(1.0),15/05/24 23:00:00,A,EUR_KGOE,IS,2019,2.192,
ESTAT:NRG_IND_EP$DEFAULTVIEW(1.0),15/05/24 23:00:00,A,EUR_KGOE,IS,2020,2.167,
ESTAT:NRG_IND_EP$DEFAULTVIEW(1.0),15/05/24 23:00:00,A,EUR_KGOE,IS,2021,2.231,
ESTAT:NRG_IND_EP$DEFAULTVIEW(1.0),15/05/24 23:00:00,A,EUR_KGOE,IT,2013,9.624,
ESTAT:NRG_IND_EP$DEFAULTVIEW(1.0),15/05/24 23:00:00,A,EUR_KGOE,IT,2014,10.182,
ESTAT:NRG_IND_EP$DEFAULTVIEW(1.0),15/05/24 23:00:00,A,EUR_KGOE,IT,2015,9.879,
ESTAT:NRG_IND_EP$DEFAULTVIEW(1.0),15/05/24 23:00:00,A,EUR_KGOE,IT,2016,10.080,
ESTAT:NRG_IND_EP$DEFAULTVIEW(1.0),15/05/24 23:00:00,A,EUR_KGOE,IT,2017,9.911,
ESTAT:NRG_IND_EP$DEFAULTVIEW(1.0),15/05/24 23:00:00,A,EUR_KGOE,IT,2018,10.134,
ESTAT:NRG_IND_EP$DEFAULTVIEW(1.0),15/05/24 23:00:00,A,EUR_KGOE,IT,2019,10.288,
ESTAT:NRG_IND_EP$DEFAULTVIEW(1.0),15/05/24 23:00:00,A,EUR_KGOE,IT,2020,10.278,
ESTAT:NRG_IND_EP$DEFAULTVIEW(1.0),15/05/24 23:00:00,A,EUR_KGOE,IT,2021,10.240,
ESTAT:NRG_IND_EP$DEFAULTVIEW(1.0),15/05/24 23:00:00,A,EUR_KGOE,IT,2022,11.077,
ESTAT:NRG_IND_EP$DEFAULTVIEW(1.0),15/05/24 23:00:00,A,EUR_KGOE,LT,2013,4.500,
ESTAT:NRG_IND_EP$DEFAULTVIEW(1.0),15/05/24 23:00:00,A,EUR_KGOE,LT,2014,4.680,
ESTAT:NRG_IND_EP$DEFAULTVIEW(1.0),15/05/24 23:00:00,A,EUR_KGOE,LT,2015,4.651,
ESTAT:NRG_IND_EP$DEFAULTVIEW(1.0),15/05/24 23:00:00,A,EUR_KGOE,LT,2016,4.604,
ESTAT:NRG_IND_EP$DEFAULTVIEW(1.0),15/05/24 23:00:00,A,EUR_KGOE,LT,2017,4.588,
ESTAT:NRG_IND_EP$DEFAULTVIEW(1.0),15/05/24 23:00:00,A,EUR_KGOE,LT,2018,4.673,
ESTAT:NRG_IND_EP$DEFAULTVIEW(1.0),15/05/24 23:00:00,A,EUR_KGOE,LT,2019,4.914,
ESTAT:NRG_IND_EP$DEFAULTVIEW(1.0),15/05/24 23:00:00,A,EUR_KGOE,LT,2020,5.027,
ESTAT:NRG_IND_EP$DEFAULTVIEW(1.0),15/05/24 23:00:00,A,EUR_KGOE,LT,2021,5.131,
ESTAT:NRG_IND_EP$DEFAULTVIEW(1.0),15/05/24 23:00:00,A,EUR_KGOE,LT,2022,5.870,
ESTAT:NRG_IND_EP$DEFAULTVIEW(1.0),15/05/24 23:00:00,A,EUR_KGOE,LU,2013,10.353,
ESTAT:NRG_IND_EP$DEFAULTVIEW(1.0),15/05/24 23:00:00,A,EUR_KGOE,LU,2014,10.922,
ESTAT:NRG_IND_EP$DEFAULTVIEW(1.0),15/05/24 23:00:00,A,EUR_KGOE,LU,2015,11.287,
ESTAT:NRG_IND_EP$DEFAULTVIEW(1.0),15/05/24 23:00:00,A,EUR_KGOE,LU,2016,11.814,
ESTAT:NRG_IND_EP$DEFAULTVIEW(1.0),15/05/24 23:00:00,A,EUR_KGOE,LU,2017,11.583,
ESTAT:NRG_IND_EP$DEFAULTVIEW(1.0),15/05/24 23:00:00,A,EUR_KGOE,LU,2018,11.270,
ESTAT:NRG_IND_EP$DEFAULTVIEW(1.0),15/05/24 23:00:00,A,EUR_KGOE,LU,2019,11.494,
ESTAT:NRG_IND_EP$DEFAULTVIEW(1.0),15/05/24 23:00:00,A,EUR_KGOE,LU,2020,13.046,
ESTAT:NRG_IND_EP$DEFAULTVIEW(1.0),15/05/24 23:00:00,A,EUR_KGOE,LU,2021,13.140,
ESTAT:NRG_IND_EP$DEFAULTVIEW(1.0),15/05/24 23:00:00,A,EUR_KGOE,LU,2022,14.697,
ESTAT:NRG_IND_EP$DEFAULTVIEW(1.0),15/05/24 23:00:00,A,EUR_KGOE,LV,2013,4.269,
ESTAT:NRG_IND_EP$DEFAULTVIEW(1.0),15/05/24 23:00:00,A,EUR_KGOE,LV,2014,4.371,
ESTAT:NRG_IND_EP$DEFAULTVIEW(1.0),15/05/24 23:00:00,A,EUR_KGOE,LV,2015,4.589,
ESTAT:NRG_IND_EP$DEFAULTVIEW(1.0),15/05/24 23:00:00,A,EUR_KGOE,LV,2016,4.626,
ESTAT:NRG_IND_EP$DEFAULTVIEW(1.0),15/05/24 23:00:00,A,EUR_KGOE,LV,2017,4.675,
ESTAT:NRG_IND_EP$DEFAULTVIEW(1.0),15/05/24 23:00:00,A,EUR_KGOE,LV,2018,4.841,
ESTAT:NRG_IND_EP$DEFAULTVIEW(1.0),15/05/24 23:00:00,A,EUR_KGOE,LV,2019,4.762,
ESTAT:NRG_IND_EP$DEFAULTVIEW(1.0),15/05/24 23:00:00,A,EUR_KGOE,LV,2020,4.969,
ESTAT:NRG_IND_EP$DEFAULTVIEW(1.0),15/05/24 23:00:00,A,EUR_KGOE,LV,2021,5.061,
ESTAT:NRG_IND_EP$DEFAULTVIEW(1.0),15/05/24 23:00:00,A,EUR_KGOE,LV,2022,5.528,
ESTAT:NRG_IND_EP$DEFAULTVIEW(1.0),15/05/24 23:00:00,A,EUR_KGOE,ME,2013,3.266,
ESTAT:NRG_IND_EP$DEFAULTVIEW(1.0),15/05/24 23:00:00,A,EUR_KGOE,ME,2014,3.396,
ESTAT:NRG_IND_EP$DEFAULTVIEW(1.0),15/05/24 23:00:00,A,EUR_KGOE,ME,2015,3.356,
ESTAT:NRG_IND_EP$DEFAULTVIEW(1.0),15/05/24 23:00:00,A,EUR_KGOE,ME,2016,3.557,
ESTAT:NRG_IND_EP$DEFAULTVIEW(1.0),15/05/24 23:00:00,A,EUR_KGOE,ME,2017,3.555,
ESTAT:NRG_IND_EP$DEFAULTVIEW(1.0),15/05/24 23:00:00,A,EUR_KGOE,ME,2018,3.606,
ESTAT:NRG_IND_EP$DEFAULTVIEW(1.0),15/05/24 23:00:00,A,EUR_KGOE,ME,2019,3.624,
ESTAT:NRG_IND_EP$DEFAULTVIEW(1.0),15/05/24 23:00:00,A,EUR_KGOE,ME,2020,3.339,
ESTAT:NRG_IND_EP$DEFAULTVIEW(1.0),15/05/24 23:00:00,A,EUR_KGOE,ME,2021,3.531,
ESTAT:NRG_IND_EP$DEFAULTVIEW(1.0),15/05/24 23:00:00,A,EUR_KGOE,ME,2022,3.868,
ESTAT:NRG_IND_EP$DEFAULTVIEW(1.0),15/05/24 23:00:00,A,EUR_KGOE,MK,2013,2.678,
ESTAT:NRG_IND_EP$DEFAULTVIEW(1.0),15/05/24 23:00:00,A,EUR_KGOE,MK,2014,2.853,
ESTAT:NRG_IND_EP$DEFAULTVIEW(1.0),15/05/24 23:00:00,A,EUR_KGOE,MK,2015,3.014,
ESTAT:NRG_IND_EP$DEFAULTVIEW(1.0),15/05/24 23:00:00,A,EUR_KGOE,MK,2016,3.049,
ESTAT:NRG_IND_EP$DEFAULTVIEW(1.0),15/05/24 23:00:00,A,EUR_KGOE,MK,2017,3.018,
ESTAT:NRG_IND_EP$DEFAULTVIEW(1.0),15/05/24 23:00:00,A,EUR_KGOE,MK,2018,3.310,
ESTAT:NRG_IND_EP$DEFAULTVIEW(1.0),15/05/24 23:00:00,A,EUR_KGOE,MK,2019,3.115,
ESTAT:NRG_IND_EP$DEFAULTVIEW(1.0),15/05/24 23:00:00,A,EUR_KGOE,MK,2020,3.271,
ESTAT:NRG_IND_EP$DEFAULTVIEW(1.0),15/05/24 23:00:00,A,EUR_KGOE,MK,2021,3.317,
ESTAT:NRG_IND_EP$DEFAULTVIEW(1.0),15/05/24 23:00:00,A,EUR_KGOE,MK,2022,3.311,
ESTAT:NRG_IND_EP$DEFAULTVIEW(1.0),15/05/24 23:00:00,A,EUR_KGOE,MT,2013,3.635,
ESTAT:NRG_IND_EP$DEFAULTVIEW(1.0),15/05/24 23:00:00,A,EUR_KGOE,MT,2014,3.826,
ESTAT:NRG_IND_EP$DEFAULTVIEW(1.0),15/05/24 23:00:00,A,EUR_KGOE,MT,2015,3.866,
ESTAT:NRG_IND_EP$DEFAULTVIEW(1.0),15/05/24 23:00:00,A,EUR_KGOE,MT,2016,3.712,
ESTAT:NRG_IND_EP$DEFAULTVIEW(1.0),15/05/24 23:00:00,A,EUR_KGOE,MT,2017,3.436,
ESTAT:NRG_IND_EP$DEFAULTVIEW(1.0),15/05/24 23:00:00,A,EUR_KGOE,MT,2018,3.577,
ESTAT:NRG_IND_EP$DEFAULTVIEW(1.0),15/05/24 23:00:00,A,EUR_KGOE,MT,2019,3.698,
ESTAT:NRG_IND_EP$DEFAULTVIEW(1.0),15/05/24 23:00:00,A,EUR_KGOE,MT,2020,3.647,
ESTAT:NRG_IND_EP$DEFAULTVIEW(1.0),15/05/24 23:00:00,A,EUR_KGOE,MT,2021,4.417,
ESTAT:NRG_IND_EP$DEFAULTVIEW(1.0),15/05/24 23:00:00,A,EUR_KGOE,MT,2022,4.297,
ESTAT:NRG_IND_EP$DEFAULTVIEW(1.0),15/05/24 23:00:00,A,EUR_KGOE,NL,2013,6.956,
ESTAT:NRG_IND_EP$DEFAULTVIEW(1.0),15/05/24 23:00:00,A,EUR_KGOE,NL,2014,7.400,
ESTAT:NRG_IND_EP$DEFAULTVIEW(1.0),15/05/24 23:00:00,A,EUR_KGOE,NL,2015,8.195,
ESTAT:NRG_IND_EP$DEFAULTVIEW(1.0),15/05/24 23:00:00,A,EUR_KGOE,NL,2016,7.818,
ESTAT:NRG_IND_EP$DEFAULTVIEW(1.0),15/05/24 23:00:00,A,EUR_KGOE,NL,2017,8.175,
ESTAT:NRG_IND_EP$DEFAULTVIEW(1.0),15/05/24 23:00:00,A,EUR_KGOE,NL,2018,9.046,
ESTAT:NRG_IND_EP$DEFAULTVIEW(1.0),15/05/24 23:00:00,A,EUR_KGOE,NL,2019,8.301,
ESTAT:NRG_IND_EP$DEFAULTVIEW(1.0),15/05/24 23:00:00,A,EUR_KGOE,NL,2020,8.343,
ESTAT:NRG_IND_EP$DEFAULTVIEW(1.0),15/05/24 23:00:00,A,EUR_KGOE,NL,2021,8.675,
ESTAT:NRG_IND_EP$DEFAULTVIEW(1.0),15/05/24 23:00:00,A,EUR_KGOE,NL,2022,9.849,
ESTAT:NRG_IND_EP$DEFAULTVIEW(1.0),15/05/24 23:00:00,A,EUR_KGOE,NO,2013,10.576,
ESTAT:NRG_IND_EP$DEFAULTVIEW(1.0),15/05/24 23:00:00,A,EUR_KGOE,NO,2014,11.750,
ESTAT:NRG_IND_EP$DEFAULTVIEW(1.0),15/05/24 23:00:00,A,EUR_KGOE,NO,2015,13.271,
ESTAT:NRG_IND_EP$DEFAULTVIEW(1.0),15/05/24 23:00:00,A,EUR_KGOE,NO,2016,12.195,
ESTAT:NRG_IND_EP$DEFAULTVIEW(1.0),15/05/24 23:00:00,A,EUR_KGOE,NO,2017,11.847,
ESTAT:NRG_IND_EP$DEFAULTVIEW(1.0),15/05/24 23:00:00,A,EUR_KGOE,NO,2018,11.899,
ESTAT:NRG_IND_EP$DEFAULTVIEW(1.0),15/05/24 23:00:00,A,EUR_KGOE,NO,2019,12.632,
ESTAT:NRG_IND_EP$DEFAULTVIEW(1.0),15/05/24 23:00:00,A,EUR_KGOE,NO,2020,12.776,
ESTAT:NRG_IND_EP$DEFAULTVIEW(1.0),15/05/24 23:00:00,A,EUR_KGOE,NO,2021,12.812,
ESTAT:NRG_IND_EP$DEFAULTVIEW(1.0),15/05/24 23:00:00,A,EUR_KGOE,NO,2022,14.668,
ESTAT:NRG_IND_EP$DEFAULTVIEW(1.0),15/05/24 23:00:00,A,EUR_KGOE,PL,2013,3.916,
ESTAT:NRG_IND_EP$DEFAULTVIEW(1.0),15/05/24 23:00:00,A,EUR_KGOE,PL,2014,4.223,
ESTAT:NRG_IND_EP$DEFAULTVIEW(1.0),15/05/24 23:00:00,A,EUR_KGOE,PL,2015,4.359,
ESTAT:NRG_IND_EP$DEFAULTVIEW(1.0),15/05/24 23:00:00,A,EUR_KGOE,PL,2016,4.278,
ESTAT:NRG_IND_EP$DEFAULTVIEW(1.0),15/05/24 23:00:00,A,EUR_KGOE,PL,2017,4.296,
ESTAT:NRG_IND_EP$DEFAULTVIEW(1.0),15/05/24 23:00:00,A,EUR_KGOE,PL,2018,4.355,
ESTAT:NRG_IND_EP$DEFAULTVIEW(1.0),15/05/24 23:00:00,A,EUR_KGOE,PL,2019,4.716,
ESTAT:NRG_IND_EP$DEFAULTVIEW(1.0),15/05/24 23:00:00,A,EUR_KGOE,PL,2020,4.759,
ESTAT:NRG_IND_EP$DEFAULTVIEW(1.0),15/05/24 23:00:00,A,EUR_KGOE,PL,2021,4.779,
ESTAT:NRG_IND_EP$DEFAULTVIEW(1.0),15/05/24 23:00:00,A,EUR_KGOE,PL,2022,5.290,
ESTAT:NRG_IND_EP$DEFAULTVIEW(1.0),15/05/24 23:00:00,A,EUR_KGOE,PT,2013,7.285,
ESTAT:NRG_IND_EP$DEFAULTVIEW(1.0),15/05/24 23:00:00,A,EUR_KGOE,PT,2014,7.254,
ESTAT:NRG_IND_EP$DEFAULTVIEW(1.0),15/05/24 23:00:00,A,EUR_KGOE,PT,2015,7.107,
ESTAT:NRG_IND_EP$DEFAULTVIEW(1.0),15/05/24 23:00:00,A,EUR_KGOE,PT,2016,7.234,
ESTAT:NRG_IND_EP$DEFAULTVIEW(1.0),15/05/24 23:00:00,A,EUR_KGOE,PT,2017,7.153,
ESTAT:NRG_IND_EP$DEFAULTVIEW(1.0),15/05/24 23:00:00,A,EUR_KGOE,PT,2018,7.528,
ESTAT:NRG_IND_EP$DEFAULTVIEW(1.0),15/05/24 23:00:00,A,EUR_KGOE,PT,2019,7.725,
ESTAT:NRG_IND_EP$DEFAULTVIEW(1.0),15/05/24 23:00:00,A,EUR_KGOE,PT,2020,7.973,
ESTAT:NRG_IND_EP$DEFAULTVIEW(1.0),15/05/24 23:00:00,A,EUR_KGOE,PT,2021,8.386,
ESTAT:NRG_IND_EP$DEFAULTVIEW(1.0),15/05/24 23:00:00,A,EUR_KGOE,PT,2022,8.541,
ESTAT:NRG_IND_EP$DEFAULTVIEW(1.0),15/05/24 23:00:00,A,EUR_KGOE,RO,2013,4.294,
ESTAT:NRG_IND_EP$DEFAULTVIEW(1.0),15/05/24 23:00:00,A,EUR_KGOE,RO,2014,4.506,
ESTAT:NRG_IND_EP$DEFAULTVIEW(1.0),15/05/24 23:00:00,A,EUR_KGOE,RO,2015,4.611,
ESTAT:NRG_IND_EP$DEFAULTVIEW(1.0),15/05/24 23:00:00,A,EUR_KGOE,RO,2016,4.757,
ESTAT:NRG_IND_EP$DEFAULTVIEW(1.0),15/05/24 23:00:00,A,EUR_KGOE,RO,2017,4.880,
ESTAT:NRG_IND_EP$DEFAULTVIEW(1.0),15/05/24 23:00:00,A,EUR_KGOE,RO,2018,5.167,
ESTAT:NRG_IND_EP$DEFAULTVIEW(1.0),15/05/24 23:00:00,A,EUR_KGOE,RO,2019,5.426,
ESTAT:NRG_IND_EP$DEFAULTVIEW(1.0),15/05/24 23:00:00,A,EUR_KGOE,RO,2020,5.384,
ESTAT:NRG_IND_EP$DEFAULTVIEW(1.0),15/05/24 23:00:00,A,EUR_KGOE,RO,2021,5.350,
ESTAT:NRG_IND_EP$DEFAULTVIEW(1.0),15/05/24 23:00:00,A,EUR_KGOE,RO,2022,6.034,
ESTAT:NRG_IND_EP$DEFAULTVIEW(1.0),15/05/24 23:00:00,A,EUR_KGOE,RS,2013,2.200,
ESTAT:NRG_IND_EP$DEFAULTVIEW(1.0),15/05/24 23:00:00,A,EUR_KGOE,RS,2014,2.420,
ESTAT:NRG_IND_EP$DEFAULTVIEW(1.0),15/05/24 23:00:00,A,EUR_KGOE,RS,2015,2.222,
ESTAT:NRG_IND_EP$DEFAULTVIEW(1.0),15/05/24 23:00:00,A,EUR_KGOE,RS,2016,2.204,
ESTAT:NRG_IND_EP$DEFAULTVIEW(1.0),15/05/24 23:00:00,A,EUR_KGOE,RS,2017,2.206,
ESTAT:NRG_IND_EP$DEFAULTVIEW(1.0),15/05/24 23:00:00,A,EUR_KGOE,RS,2018,2.337,
ESTAT:NRG_IND_EP$DEFAULTVIEW(1.0),15/05/24 23:00:00,A,EUR_KGOE,RS,2019,2.456,
ESTAT:NRG_IND_EP$DEFAULTVIEW(1.0),15/05/24 23:00:00,A,EUR_KGOE,RS,2020,2.352,
ESTAT:NRG_IND_EP$DEFAULTVIEW(1.0),15/05/24 23:00:00,A,EUR_KGOE,RS,2021,2.490,
ESTAT:NRG_IND_EP$DEFAULTVIEW(1.0),15/05/24 23:00:00,A,EUR_KGOE,RS,2022,2.525,
ESTAT:NRG_IND_EP$DEFAULTVIEW(1.0),15/05/24 23:00:00,A,EUR_KGOE,SE,2013,7.550,
ESTAT:NRG_IND_EP$DEFAULTVIEW(1.0),15/05/24 23:00:00,A,EUR_KGOE,SE,2014,7.821,
ESTAT:NRG_IND_EP$DEFAULTVIEW(1.0),15/05/24 23:00:00,A,EUR_KGOE,SE,2015,8.537,
ESTAT:NRG_IND_EP$DEFAULTVIEW(1.0),15/05/24 23:00:00,A,EUR_KGOE,SE,2016,8.332,
ESTAT:NRG_IND_EP$DEFAULTVIEW(1.0),15/05/24 23:00:00,A,EUR_KGOE,SE,2017,8.293,
ESTAT:NRG_IND_EP$DEFAULTVIEW(1.0),15/05/24 23:00:00,A,EUR_KGOE,SE,2018,8.424,
ESTAT:NRG_IND_EP$DEFAULTVIEW(1.0),15/05/24 23:00:00,A,EUR_KGOE,SE,2019,8.770,
ESTAT:NRG_IND_EP$DEFAULTVIEW(1.0),15/05/24 23:00:00,A,EUR_KGOE,SE,2020,9.381,
ESTAT:NRG_IND_EP$DEFAULTVIEW(1.0),15/05/24 23:00:00,A,EUR_KGOE,SE,2021,9.482,
ESTAT:NRG_IND_EP$DEFAULTVIEW(1.0),15/05/24 23:00:00,A,EUR_KGOE,SE,2022,10.114,
ESTAT:NRG_IND_EP$DEFAULTVIEW(1.0),15/05/24 23:00:00,A,EUR_KGOE,SI,2013,5.164,
ESTAT:NRG_IND_EP$DEFAULTVIEW(1.0),15/05/24 23:00:00,A,EUR_KGOE,SI,2014,5.494,
ESTAT:NRG_IND_EP$DEFAULTVIEW(1.0),15/05/24 23:00:00,A,EUR_KGOE,SI,2015,5.656,
ESTAT:NRG_IND_EP$DEFAULTVIEW(1.0),15/05/24 23:00:00,A,EUR_KGOE,SI,2016,5.607,
ESTAT:NRG_IND_EP$DEFAULTVIEW(1.0),15/05/24 23:00:00,A,EUR_KGOE,SI,2017,5.690,
ESTAT:NRG_IND_EP$DEFAULTVIEW(1.0),15/05/24 23:00:00,A,EUR_KGOE,SI,2018,5.936,
ESTAT:NRG_IND_EP$DEFAULTVIEW(1.0),15/05/24 23:00:00,A,EUR_KGOE,SI,2019,6.279,
ESTAT:NRG_IND_EP$DEFAULTVIEW(1.0),15/05/24 23:00:00,A,EUR_KGOE,SI,2020,6.440,
ESTAT:NRG_IND_EP$DEFAULTVIEW(1.0),15/05/24 23:00:00,A,EUR_KGOE,SI,2021,6.786,
ESTAT:NRG_IND_EP$DEFAULTVIEW(1.0),15/05/24 23:00:00,A,EUR_KGOE,SI,2022,7.239,
ESTAT:NRG_IND_EP$DEFAULTVIEW(1.0),15/05/24 23:00:00,A,EUR_KGOE,SK,2013,4.125,
ESTAT:NRG_IND_EP$DEFAULTVIEW(1.0),15/05/24 23:00:00,A,EUR_KGOE,SK,2014,4.583,
ESTAT:NRG_IND_EP$DEFAULTVIEW(1.0),15/05/24 23:00:00,A,EUR_KGOE,SK,2015,4.614,
ESTAT:NRG_IND_EP$DEFAULTVIEW(1.0),15/05/24 23:00:00,A,EUR_KGOE,SK,2016,4.661,
ESTAT:NRG_IND_EP$DEFAULTVIEW(1.0),15/05/24 23:00:00,A,EUR_KGOE,SK,2017,4.562,
ESTAT:NRG_IND_EP$DEFAULTVIEW(1.0),15/05/24 23:00:00,A,EUR_KGOE,SK,2018,4.841,
ESTAT:NRG_IND_EP$DEFAULTVIEW(1.0),15/05/24 23:00:00,A,EUR_KGOE,SK,2019,5.113,
ESTAT:NRG_IND_EP$DEFAULTVIEW(1.0),15/05/24 23:00:00,A,EUR_KGOE,SK,2020,5.114,
ESTAT:NRG_IND_EP$DEFAULTVIEW(1.0),15/05/24 23:00:00,A,EUR_KGOE,SK,2021,4.953,
ESTAT:NRG_IND_EP$DEFAULTVIEW(1.0),15/05/24 23:00:00,A,EUR_KGOE,SK,2022,5.402,
ESTAT:NRG_IND_EP$DEFAULTVIEW(1.0),15/05/24 23:00:00,A,EUR_KGOE,TR,2013,6.433,
ESTAT:NRG_IND_EP$DEFAULTVIEW(1.0),15/05/24 23:00:00,A,EUR_KGOE,TR,2014,6.291,
ESTAT:NRG_IND_EP$DEFAULTVIEW(1.0),15/05/24 23:00:00,A,EUR_KGOE,TR,2015,6.179,
ESTAT:NRG_IND_EP$DEFAULTVIEW(1.0),15/05/24 23:00:00,A,EUR_KGOE,TR,2016,6.052,
ESTAT:NRG_IND_EP$DEFAULTVIEW(1.0),15/05/24 23:00:00,A,EUR_KGOE,TR,2017,6.042,
ESTAT:NRG_IND_EP$DEFAULTVIEW(1.0),15/05/24 23:00:00,A,EUR_KGOE,TR,2018,6.319,
ESTAT:NRG_IND_EP$DEFAULTVIEW(1.0),15/05/24 23:00:00,A,EUR_KGOE,TR,2019,6.287,
ESTAT:NRG_IND_EP$DEFAULTVIEW(1.0),15/05/24 23:00:00,A,EUR_KGOE,TR,2020,6.508,
ESTAT:NRG_IND_EP$DEFAULTVIEW(1.0),15/05/24 23:00:00,A,EUR_KGOE,TR,2021,6.638,
ESTAT:NRG_IND_EP$DEFAULTVIEW(1.0),15/05/24 23:00:00,A,EUR_KGOE,TR,2022,6.711,
ESTAT:NRG_IND_EP$DEFAULTVIEW(1.0),15/05/24 23:00:00,A,EUR_KGOE,UK,2013,9.762,
ESTAT:NRG_IND_EP$DEFAULTVIEW(1.0),15/05/24 23:00:00,A,EUR_KGOE,UK,2014,10.620,
ESTAT:NRG_IND_EP$DEFAULTVIEW(1.0),15/05/24 23:00:00,A,EUR_KGOE,UK,2015,10.688,
ESTAT:NRG_IND_EP$DEFAULTVIEW(1.0),15/05/24 23:00:00,A,EUR_KGOE,UK,2016,11.013,
ESTAT:NRG_IND_EP$DEFAULTVIEW(1.0),15/05/24 23:00:00,A,EUR_KGOE,UK,2017,11.347,
ESTAT:NRG_IND_EP$DEFAULTVIEW(1.0),15/05/24 23:00:00,A,EUR_KGOE,UK,2018,11.505,
ESTAT:NRG_IND_EP$DEFAULTVIEW(1.0),15/05/24 23:00:00,A,EUR_KGOE,UK,2019,11.884,
ESTAT:NRG_IND_EP$DEFAULTVIEW(1.0),15/05/24 23:00:00,A,EUR_KGOE,XK,2013,1.986,
ESTAT:NRG_IND_EP$DEFAULTVIEW(1.0),15/05/24 23:00:00,A,EUR_KGOE,XK,2014,2.140,
ESTAT:NRG_IND_EP$DEFAULTVIEW(1.0),15/05/24 23:00:00,A,EUR_KGOE,XK,2015,1.991,
ESTAT:NRG_IND_EP$DEFAULTVIEW(1.0),15/05/24 23:00:00,A,EUR_KGOE,XK,2016,1.963,
ESTAT:NRG_IND_EP$DEFAULTVIEW(1.0),15/05/24 23:00:00,A,EUR_KGOE,XK,2017,2.166,
ESTAT:NRG_IND_EP$DEFAULTVIEW(1.0),15/05/24 23:00:00,A,EUR_KGOE,XK,2018,2.225,
ESTAT:NRG_IND_EP$DEFAULTVIEW(1.0),15/05/24 23:00:00,A,EUR_KGOE,XK,2019,2.258,
ESTAT:NRG_IND_EP$DEFAULTVIEW(1.0),15/05/24 23:00:00,A,EUR_KGOE,XK,2020,2.140,
ESTAT:NRG_IND_EP$DEFAULTVIEW(1.0),15/05/24 23:00:00,A,EUR_KGOE,XK,2021,2.187,
ESTAT:NRG_IND_EP$DEFAULTVIEW(1.0),15/05/24 23:00:00,A,EUR_KGOE,XK,2022,2.474,
