country_or_region;date;variable;generation_twh
Europe;2015-01-01;Bioenergy;9.42
Europe;2015-01-01;Clean;236.98
Europe;2015-01-01;Coal;106.83
Europe;2015-01-01;Fossil;217.83
Europe;2015-01-01;Gas;102.36
Europe;2015-01-01;Hydro;75.98
Europe;2015-01-01;Nuclear;113.58
Europe;2015-01-01;Other Fossil;8.64
Europe;2015-01-01;Other Renewables;0.37
Europe;2015-01-01;Solar;2.88
Europe;2015-01-01;Wind;34.75
Europe;2015-01-01;Wind and solar;37.63
Europe;2015-02-01;Bioenergy;8.79
Europe;2015-02-01;Clean;213.47
Europe;2015-02-01;Coal;98.14
Europe;2015-02-01;Fossil;205.27
Europe;2015-02-01;Gas;99.26
Europe;2015-02-01;Hydro;72.72
Europe;2015-02-01;Nuclear;99.28
Europe;2015-02-01;Other Fossil;7.87
Europe;2015-02-01;Other Renewables;0.4
Europe;2015-02-01;Solar;4.65
Europe;2015-02-01;Wind;27.63
Europe;2015-02-01;Wind and solar;32.28
Europe;2015-03-01;Bioenergy;9.29
Europe;2015-03-01;Clean;222.97
Europe;2015-03-01;Coal;97.7
Europe;2015-03-01;Fossil;196.45
Europe;2015-03-01;Gas;90.91
Europe;2015-03-01;Hydro;75.98
Europe;2015-03-01;Nuclear;99.42
Europe;2015-03-01;Other Fossil;7.84
Europe;2015-03-01;Other Renewables;0.42
Europe;2015-03-01;Solar;8.41
Europe;2015-03-01;Wind;29.45
Europe;2015-03-01;Wind and solar;37.86
Europe;2015-04-01;Bioenergy;8.71
Europe;2015-04-01;Clean;198.02
Europe;2015-04-01;Coal;84.25
Europe;2015-04-01;Fossil;162.75
Europe;2015-04-01;Gas;71.21
Europe;2015-04-01;Hydro;66.11
Europe;2015-04-01;Nuclear;87.52
Europe;2015-04-01;Other Fossil;7.29
Europe;2015-04-01;Other Renewables;0.39
Europe;2015-04-01;Solar;12.43
Europe;2015-04-01;Wind;22.86
Europe;2015-04-01;Wind and solar;35.29
Europe;2015-05-01;Bioenergy;8.76
Europe;2015-05-01;Clean;201.26
Europe;2015-05-01;Coal;72.39
Europe;2015-05-01;Fossil;147.36
Europe;2015-05-01;Gas;67.03
Europe;2015-05-01;Hydro;71.39
Europe;2015-05-01;Nuclear;82.64
Europe;2015-05-01;Other Fossil;7.94
Europe;2015-05-01;Other Renewables;0.42
Europe;2015-05-01;Solar;13.19
Europe;2015-05-01;Wind;24.86
Europe;2015-05-01;Wind and solar;38.05
Europe;2015-06-01;Bioenergy;8.28
Europe;2015-06-01;Clean;188.86
Europe;2015-06-01;Coal;78.26
Europe;2015-06-01;Fossil;154.35
Europe;2015-06-01;Gas;68.68
Europe;2015-06-01;Hydro;65.2
Europe;2015-06-01;Nuclear;83.16
Europe;2015-06-01;Other Fossil;7.41
Europe;2015-06-01;Other Renewables;0.4
Europe;2015-06-01;Solar;13.77
Europe;2015-06-01;Wind;18.05
Europe;2015-06-01;Wind and solar;31.82
Europe;2015-07-01;Bioenergy;8.37
Europe;2015-07-01;Clean;186.98
Europe;2015-07-01;Coal;86.92
Europe;2015-07-01;Fossil;180.74
Europe;2015-07-01;Gas;86.13
Europe;2015-07-01;Hydro;56.25
Europe;2015-07-01;Nuclear;86.32
Europe;2015-07-01;Other Fossil;7.69
Europe;2015-07-01;Other Renewables;0.43
Europe;2015-07-01;Solar;14.42
Europe;2015-07-01;Wind;21.19
Europe;2015-07-01;Wind and solar;35.61
Europe;2015-08-01;Bioenergy;9.07
Europe;2015-08-01;Clean;181.41
Europe;2015-08-01;Coal;82.89
Europe;2015-08-01;Fossil;169.06
Europe;2015-08-01;Gas;77.84
Europe;2015-08-01;Hydro;54.57
Europe;2015-08-01;Nuclear;86.24
Europe;2015-08-01;Other Fossil;8.33
Europe;2015-08-01;Other Renewables;0.42
Europe;2015-08-01;Solar;13.01
Europe;2015-08-01;Wind;18.1
Europe;2015-08-01;Wind and solar;31.11
Europe;2015-09-01;Bioenergy;8.95
Europe;2015-09-01;Clean;176.18
Europe;2015-09-01;Coal;87.22
Europe;2015-09-01;Fossil;179.93
Europe;2015-09-01;Gas;84.06
Europe;2015-09-01;Hydro;52.12
Europe;2015-09-01;Nuclear;83.97
Europe;2015-09-01;Other Fossil;8.65
Europe;2015-09-01;Other Renewables;0.38
Europe;2015-09-01;Solar;9.92
Europe;2015-09-01;Wind;20.84
Europe;2015-09-01;Wind and solar;30.76
Europe;2015-10-01;Bioenergy;9.84
Europe;2015-10-01;Clean;187.58
Europe;2015-10-01;Coal;98.48
Europe;2015-10-01;Fossil;214.1
Europe;2015-10-01;Gas;106.6
Europe;2015-10-01;Hydro;58.88
Europe;2015-10-01;Nuclear;92.05
Europe;2015-10-01;Other Fossil;9.02
Europe;2015-10-01;Other Renewables;0.41
Europe;2015-10-01;Solar;6.14
Europe;2015-10-01;Wind;20.26
Europe;2015-10-01;Wind and solar;26.4
Europe;2015-11-01;Bioenergy;10.03
Europe;2015-11-01;Clean;201.42
Europe;2015-11-01;Coal;90.47
Europe;2015-11-01;Fossil;210.6
Europe;2015-11-01;Gas;111.01
Europe;2015-11-01;Hydro;59.37
Europe;2015-11-01;Nuclear;93.6
Europe;2015-11-01;Other Fossil;9.12
Europe;2015-11-01;Other Renewables;0.45
Europe;2015-11-01;Solar;4.22
Europe;2015-11-01;Wind;33.75
Europe;2015-11-01;Wind and solar;37.97
Europe;2015-12-01;Bioenergy;10.42
Europe;2015-12-01;Clean;216.78
Europe;2015-12-01;Coal;89.09
Europe;2015-12-01;Fossil;208.32
Europe;2015-12-01;Gas;109.12
Europe;2015-12-01;Hydro;60.2
Europe;2015-12-01;Nuclear;104.65
Europe;2015-12-01;Other Fossil;10.11
Europe;2015-12-01;Other Renewables;0.46
Europe;2015-12-01;Solar;3.07
Europe;2015-12-01;Wind;37.98
Europe;2015-12-01;Wind and solar;41.05
Europe;2016-01-01;Bioenergy;11.17
Europe;2016-01-01;Clean;237.09
Europe;2016-01-01;Coal;95
Europe;2016-01-01;Fossil;217.74
Europe;2016-01-01;Gas;114.18
Europe;2016-01-01;Hydro;73.6
Europe;2016-01-01;Nuclear;109.8
Europe;2016-01-01;Other Fossil;8.56
Europe;2016-01-01;Other Renewables;2.73
Europe;2016-01-01;Solar;3.17
Europe;2016-01-01;Wind;36.62
Europe;2016-01-01;Wind and solar;39.79
Europe;2016-02-01;Bioenergy;10.33
Europe;2016-02-01;Clean;230.72
Europe;2016-02-01;Coal;80.65
Europe;2016-02-01;Fossil;181.42
Europe;2016-02-01;Gas;93.24
Europe;2016-02-01;Hydro;76.21
Europe;2016-02-01;Nuclear;99.4
Europe;2016-02-01;Other Fossil;7.53
Europe;2016-02-01;Other Renewables;2.56
Europe;2016-02-01;Solar;4.84
Europe;2016-02-01;Wind;37.38
Europe;2016-02-01;Wind and solar;42.22
Europe;2016-03-01;Bioenergy;10.81
Europe;2016-03-01;Clean;229.93
Europe;2016-03-01;Coal;84.11
Europe;2016-03-01;Fossil;189.56
Europe;2016-03-01;Gas;98.06
Europe;2016-03-01;Hydro;77.23
Europe;2016-03-01;Nuclear;103.22
Europe;2016-03-01;Other Fossil;7.39
Europe;2016-03-01;Other Renewables;2.65
Europe;2016-03-01;Solar;8.3
Europe;2016-03-01;Wind;27.72
Europe;2016-03-01;Wind and solar;36.02
Europe;2016-04-01;Bioenergy;9.84
Europe;2016-04-01;Clean;213.51
Europe;2016-04-01;Coal;70.31
Europe;2016-04-01;Fossil;159.6
Europe;2016-04-01;Gas;82.85
Europe;2016-04-01;Hydro;76.54
Europe;2016-04-01;Nuclear;88.05
Europe;2016-04-01;Other Fossil;6.44
Europe;2016-04-01;Other Renewables;2.5
Europe;2016-04-01;Solar;11.24
Europe;2016-04-01;Wind;25.34
Europe;2016-04-01;Wind and solar;36.58
Europe;2016-05-01;Bioenergy;9.95
Europe;2016-05-01;Clean;207.48
Europe;2016-05-01;Coal;64.59
Europe;2016-05-01;Fossil;150.34
Europe;2016-05-01;Gas;79.05
Europe;2016-05-01;Hydro;77.7
Europe;2016-05-01;Nuclear;79.84
Europe;2016-05-01;Other Fossil;6.7
Europe;2016-05-01;Other Renewables;2.62
Europe;2016-05-01;Solar;13.5
Europe;2016-05-01;Wind;23.87
Europe;2016-05-01;Wind and solar;37.37
Europe;2016-06-01;Bioenergy;9.18
Europe;2016-06-01;Clean;195.44
Europe;2016-06-01;Coal;70.15
Europe;2016-06-01;Fossil;157.91
Europe;2016-06-01;Gas;81.44
Europe;2016-06-01;Hydro;73.95
Europe;2016-06-01;Nuclear;79.34
Europe;2016-06-01;Other Fossil;6.32
Europe;2016-06-01;Other Renewables;2.53
Europe;2016-06-01;Solar;13.69
Europe;2016-06-01;Wind;16.75
Europe;2016-06-01;Wind and solar;30.44
Europe;2016-07-01;Bioenergy;9.24
Europe;2016-07-01;Clean;195.38
Europe;2016-07-01;Coal;75.24
Europe;2016-07-01;Fossil;173.28
Europe;2016-07-01;Gas;91.04
Europe;2016-07-01;Hydro;64.57
Europe;2016-07-01;Nuclear;84.88
Europe;2016-07-01;Other Fossil;7
Europe;2016-07-01;Other Renewables;2.62
Europe;2016-07-01;Solar;14.73
Europe;2016-07-01;Wind;19.34
Europe;2016-07-01;Wind and solar;34.07
Europe;2016-08-01;Bioenergy;9.17
Europe;2016-08-01;Clean;191.1
Europe;2016-08-01;Coal;71.34
Europe;2016-08-01;Fossil;170.29
Europe;2016-08-01;Gas;91.41
Europe;2016-08-01;Hydro;59.12
Europe;2016-08-01;Nuclear;84.24
Europe;2016-08-01;Other Fossil;7.54
Europe;2016-08-01;Other Renewables;2.68
Europe;2016-08-01;Solar;14.16
Europe;2016-08-01;Wind;21.73
Europe;2016-08-01;Wind and solar;35.89
Europe;2016-09-01;Bioenergy;9.09
Europe;2016-09-01;Clean;176.42
Europe;2016-09-01;Coal;78.22
Europe;2016-09-01;Fossil;194.3
Europe;2016-09-01;Gas;109.11
Europe;2016-09-01;Hydro;53.2
Europe;2016-09-01;Nuclear;82.1
Europe;2016-09-01;Other Fossil;6.97
Europe;2016-09-01;Other Renewables;2.47
Europe;2016-09-01;Solar;11.13
Europe;2016-09-01;Wind;18.43
Europe;2016-09-01;Wind and solar;29.56
Europe;2016-10-01;Bioenergy;9.76
Europe;2016-10-01;Clean;183.09
Europe;2016-10-01;Coal;88.65
Europe;2016-10-01;Fossil;223.02
Europe;2016-10-01;Gas;126.8
Europe;2016-10-01;Hydro;54.77
Europe;2016-10-01;Nuclear;86.56
Europe;2016-10-01;Other Fossil;7.57
Europe;2016-10-01;Other Renewables;2.73
Europe;2016-10-01;Solar;6.43
Europe;2016-10-01;Wind;22.84
Europe;2016-10-01;Wind and solar;29.27
Europe;2016-11-01;Bioenergy;10.26
Europe;2016-11-01;Clean;197.88
Europe;2016-11-01;Coal;92.33
Europe;2016-11-01;Fossil;233.96
Europe;2016-11-01;Gas;133.55
Europe;2016-11-01;Hydro;60.05
Europe;2016-11-01;Nuclear;89.96
Europe;2016-11-01;Other Fossil;8.08
Europe;2016-11-01;Other Renewables;2.56
Europe;2016-11-01;Solar;4.03
Europe;2016-11-01;Wind;31.02
Europe;2016-11-01;Wind and solar;35.05
Europe;2016-12-01;Bioenergy;11.09
Europe;2016-12-01;Clean;210.85
Europe;2016-12-01;Coal;95.85
Europe;2016-12-01;Fossil;248.02
Europe;2016-12-01;Gas;143.84
Europe;2016-12-01;Hydro;60.83
Europe;2016-12-01;Nuclear;100.29
Europe;2016-12-01;Other Fossil;8.33
Europe;2016-12-01;Other Renewables;2.73
Europe;2016-12-01;Solar;3.5
Europe;2016-12-01;Wind;32.41
Europe;2016-12-01;Wind and solar;35.91
Europe;2017-01-01;Bioenergy;12.23
Europe;2017-01-01;Clean;226.15
Europe;2017-01-01;Coal;108.54
Europe;2017-01-01;Fossil;268.88
Europe;2017-01-01;Gas;150.24
Europe;2017-01-01;Hydro;68.22
Europe;2017-01-01;Nuclear;106.01
Europe;2017-01-01;Other Fossil;10.1
Europe;2017-01-01;Other Renewables;3.18
Europe;2017-01-01;Solar;3.86
Europe;2017-01-01;Wind;32.65
Europe;2017-01-01;Wind and solar;36.51
Europe;2017-02-01;Bioenergy;11.32
Europe;2017-02-01;Clean;205.95
Europe;2017-02-01;Coal;87.01
Europe;2017-02-01;Fossil;207.64
Europe;2017-02-01;Gas;111.96
Europe;2017-02-01;Hydro;58.67
Europe;2017-02-01;Nuclear;92.63
Europe;2017-02-01;Other Fossil;8.67
Europe;2017-02-01;Other Renewables;2.8
Europe;2017-02-01;Solar;5.07
Europe;2017-02-01;Wind;35.46
Europe;2017-02-01;Wind and solar;40.53
Europe;2017-03-01;Bioenergy;12.01
Europe;2017-03-01;Clean;227.72
Europe;2017-03-01;Coal;76.44
Europe;2017-03-01;Fossil;189.38
Europe;2017-03-01;Gas;104.14
Europe;2017-03-01;Hydro;68.57
Europe;2017-03-01;Nuclear;98.1
Europe;2017-03-01;Other Fossil;8.8
Europe;2017-03-01;Other Renewables;3.11
Europe;2017-03-01;Solar;10.23
Europe;2017-03-01;Wind;35.7
Europe;2017-03-01;Wind and solar;45.93
Europe;2017-04-01;Bioenergy;10.94
Europe;2017-04-01;Clean;203.53
Europe;2017-04-01;Coal;68.76
Europe;2017-04-01;Fossil;167.48
Europe;2017-04-01;Gas;91.01
Europe;2017-04-01;Hydro;57.79
Europe;2017-04-01;Nuclear;90.08
Europe;2017-04-01;Other Fossil;7.71
Europe;2017-04-01;Other Renewables;3.08
Europe;2017-04-01;Solar;12.6
Europe;2017-04-01;Wind;29.04
Europe;2017-04-01;Wind and solar;41.64
Europe;2017-05-01;Bioenergy;10.71
Europe;2017-05-01;Clean;205.63
Europe;2017-05-01;Coal;70.86
Europe;2017-05-01;Fossil;165.59
Europe;2017-05-01;Gas;87.08
Europe;2017-05-01;Hydro;66.48
Europe;2017-05-01;Nuclear;86.77
Europe;2017-05-01;Other Fossil;7.65
Europe;2017-05-01;Other Renewables;3.15
Europe;2017-05-01;Solar;15.08
Europe;2017-05-01;Wind;23.44
Europe;2017-05-01;Wind and solar;38.52
Europe;2017-06-01;Bioenergy;9.46
Europe;2017-06-01;Clean;199.15
Europe;2017-06-01;Coal;66.9
Europe;2017-06-01;Fossil;165.83
Europe;2017-06-01;Gas;91.6
Europe;2017-06-01;Hydro;63.27
Europe;2017-06-01;Nuclear;81.95
Europe;2017-06-01;Other Fossil;7.33
Europe;2017-06-01;Other Renewables;2.99
Europe;2017-06-01;Solar;15.65
Europe;2017-06-01;Wind;25.83
Europe;2017-06-01;Wind and solar;41.48
Europe;2017-07-01;Bioenergy;9.87
Europe;2017-07-01;Clean;195.21
Europe;2017-07-01;Coal;73.57
Europe;2017-07-01;Fossil;183.17
Europe;2017-07-01;Gas;101.91
Europe;2017-07-01;Hydro;59.93
Europe;2017-07-01;Nuclear;84.22
Europe;2017-07-01;Other Fossil;7.69
Europe;2017-07-01;Other Renewables;3.08
Europe;2017-07-01;Solar;15.33
Europe;2017-07-01;Wind;22.78
Europe;2017-07-01;Wind and solar;38.11
Europe;2017-08-01;Bioenergy;9.97
Europe;2017-08-01;Clean;197.66
Europe;2017-08-01;Coal;72.4
Europe;2017-08-01;Fossil;169.29
Europe;2017-08-01;Gas;89.25
Europe;2017-08-01;Hydro;60.57
Europe;2017-08-01;Nuclear;87.28
Europe;2017-08-01;Other Fossil;7.64
Europe;2017-08-01;Other Renewables;3.02
Europe;2017-08-01;Solar;14.36
Europe;2017-08-01;Wind;22.46
Europe;2017-08-01;Wind and solar;36.82
Europe;2017-09-01;Bioenergy;9.47
Europe;2017-09-01;Clean;192.37
Europe;2017-09-01;Coal;75.21
Europe;2017-09-01;Fossil;173.86
Europe;2017-09-01;Gas;91.54
Europe;2017-09-01;Hydro;60.18
Europe;2017-09-01;Nuclear;84.42
Europe;2017-09-01;Other Fossil;7.11
Europe;2017-09-01;Other Renewables;2.92
Europe;2017-09-01;Solar;10.52
Europe;2017-09-01;Wind;24.86
Europe;2017-09-01;Wind and solar;35.38
Europe;2017-10-01;Bioenergy;10.28
Europe;2017-10-01;Clean;200.48
Europe;2017-10-01;Coal;79.48
Europe;2017-10-01;Fossil;192.99
Europe;2017-10-01;Gas;105.96
Europe;2017-10-01;Hydro;55.38
Europe;2017-10-01;Nuclear;85.21
Europe;2017-10-01;Other Fossil;7.55
Europe;2017-10-01;Other Renewables;2.99
Europe;2017-10-01;Solar;8
Europe;2017-10-01;Wind;38.62
Europe;2017-10-01;Wind and solar;46.62
Europe;2017-11-01;Bioenergy;11.26
Europe;2017-11-01;Clean;205.31
Europe;2017-11-01;Coal;90.71
Europe;2017-11-01;Fossil;227.53
Europe;2017-11-01;Gas;128.78
Europe;2017-11-01;Hydro;62.24
Europe;2017-11-01;Nuclear;89.1
Europe;2017-11-01;Other Fossil;8.04
Europe;2017-11-01;Other Renewables;3.05
Europe;2017-11-01;Solar;4.29
Europe;2017-11-01;Wind;35.37
Europe;2017-11-01;Wind and solar;39.66
Europe;2017-12-01;Bioenergy;11.69
Europe;2017-12-01;Clean;237.47
Europe;2017-12-01;Coal;85.53
Europe;2017-12-01;Fossil;212.14
Europe;2017-12-01;Gas;118.34
Europe;2017-12-01;Hydro;68.72
Europe;2017-12-01;Nuclear;102.89
Europe;2017-12-01;Other Fossil;8.27
Europe;2017-12-01;Other Renewables;3.05
Europe;2017-12-01;Solar;3.13
Europe;2017-12-01;Wind;47.99
Europe;2017-12-01;Wind and solar;51.12
Europe;2018-01-01;Bioenergy;11.56
Europe;2018-01-01;Clean;245.84
Europe;2018-01-01;Coal;85.31
Europe;2018-01-01;Fossil;211.06
Europe;2018-01-01;Gas;116.8
Europe;2018-01-01;Hydro;75.07
Europe;2018-01-01;Nuclear;106.24
Europe;2018-01-01;Other Fossil;8.95
Europe;2018-01-01;Other Renewables;2.46
Europe;2018-01-01;Solar;3.86
Europe;2018-01-01;Wind;46.65
Europe;2018-01-01;Wind and solar;50.51
Europe;2018-02-01;Bioenergy;11.38
Europe;2018-02-01;Clean;220.87
Europe;2018-02-01;Coal;88.81
Europe;2018-02-01;Fossil;213.19
Europe;2018-02-01;Gas;115.94
Europe;2018-02-01;Hydro;70.95
Europe;2018-02-01;Nuclear;97.01
Europe;2018-02-01;Other Fossil;8.44
Europe;2018-02-01;Other Renewables;2.17
Europe;2018-02-01;Solar;6.22
Europe;2018-02-01;Wind;33.14
Europe;2018-02-01;Wind and solar;39.36
Europe;2018-03-01;Bioenergy;12.11
Europe;2018-03-01;Clean;246.34
Europe;2018-03-01;Coal;88.05
Europe;2018-03-01;Fossil;200.49
Europe;2018-03-01;Gas;103.44
Europe;2018-03-01;Hydro;80.62
Europe;2018-03-01;Nuclear;99.84
Europe;2018-03-01;Other Fossil;9
Europe;2018-03-01;Other Renewables;2.4
Europe;2018-03-01;Solar;8.9
Europe;2018-03-01;Wind;42.47
Europe;2018-03-01;Wind and solar;51.37
Europe;2018-04-01;Bioenergy;11.13
Europe;2018-04-01;Clean;222.27
Europe;2018-04-01;Coal;64.33
Europe;2018-04-01;Fossil;150.25
Europe;2018-04-01;Gas;78.06
Europe;2018-04-01;Hydro;78.12
Europe;2018-04-01;Nuclear;85.09
Europe;2018-04-01;Other Fossil;7.86
Europe;2018-04-01;Other Renewables;2.31
Europe;2018-04-01;Solar;13.91
Europe;2018-04-01;Wind;31.71
Europe;2018-04-01;Wind and solar;45.62
Europe;2018-05-01;Bioenergy;10.77
Europe;2018-05-01;Clean;217.53
Europe;2018-05-01;Coal;66.68
Europe;2018-05-01;Fossil;151.22
Europe;2018-05-01;Gas;76.7
Europe;2018-05-01;Hydro;80.34
Europe;2018-05-01;Nuclear;82.57
Europe;2018-05-01;Other Fossil;7.84
Europe;2018-05-01;Other Renewables;2.33
Europe;2018-05-01;Solar;16.83
Europe;2018-05-01;Wind;24.69
Europe;2018-05-01;Wind and solar;41.52
Europe;2018-06-01;Bioenergy;9.86
Europe;2018-06-01;Clean;204.63
Europe;2018-06-01;Coal;69.8
Europe;2018-06-01;Fossil;160.95
Europe;2018-06-01;Gas;83.8
Europe;2018-06-01;Hydro;70.89
Europe;2018-06-01;Nuclear;82.73
Europe;2018-06-01;Other Fossil;7.35
Europe;2018-06-01;Other Renewables;2.2
Europe;2018-06-01;Solar;16.56
Europe;2018-06-01;Wind;22.39
Europe;2018-06-01;Wind and solar;38.95
Europe;2018-07-01;Bioenergy;10.21
Europe;2018-07-01;Clean;200.85
Europe;2018-07-01;Coal;80.08
Europe;2018-07-01;Fossil;195.07
Europe;2018-07-01;Gas;107.05
Europe;2018-07-01;Hydro;63.41
Europe;2018-07-01;Nuclear;87.84
Europe;2018-07-01;Other Fossil;7.94
Europe;2018-07-01;Other Renewables;2.23
Europe;2018-07-01;Solar;18.86
Europe;2018-07-01;Wind;18.3
Europe;2018-07-01;Wind and solar;37.16
Europe;2018-08-01;Bioenergy;10.55
Europe;2018-08-01;Clean;197.2
Europe;2018-08-01;Coal;77.32
Europe;2018-08-01;Fossil;184.71
Europe;2018-08-01;Gas;99.41
Europe;2018-08-01;Hydro;57.95
Europe;2018-08-01;Nuclear;85.38
Europe;2018-08-01;Other Fossil;7.98
Europe;2018-08-01;Other Renewables;2.26
Europe;2018-08-01;Solar;16.12
Europe;2018-08-01;Wind;24.94
Europe;2018-08-01;Wind and solar;41.06
Europe;2018-09-01;Bioenergy;10.62
Europe;2018-09-01;Clean;190.92
Europe;2018-09-01;Coal;78.06
Europe;2018-09-01;Fossil;181.6
Europe;2018-09-01;Gas;95.84
Europe;2018-09-01;Hydro;51.74
Europe;2018-09-01;Nuclear;83.85
Europe;2018-09-01;Other Fossil;7.7
Europe;2018-09-01;Other Renewables;2.2
Europe;2018-09-01;Solar;13.12
Europe;2018-09-01;Wind;29.39
Europe;2018-09-01;Wind and solar;42.51
Europe;2018-10-01;Bioenergy;11.8
Europe;2018-10-01;Clean;199.6
Europe;2018-10-01;Coal;82.73
Europe;2018-10-01;Fossil;199.28
Europe;2018-10-01;Gas;108.5
Europe;2018-10-01;Hydro;50.11
Europe;2018-10-01;Nuclear;87.9
Europe;2018-10-01;Other Fossil;8.05
Europe;2018-10-01;Other Renewables;2.44
Europe;2018-10-01;Solar;9.18
Europe;2018-10-01;Wind;38.17
Europe;2018-10-01;Wind and solar;47.35
Europe;2018-11-01;Bioenergy;12.06
Europe;2018-11-01;Clean;209.11
Europe;2018-11-01;Coal;87.63
Europe;2018-11-01;Fossil;214.65
Europe;2018-11-01;Gas;118.96
Europe;2018-11-01;Hydro;60.53
Europe;2018-11-01;Nuclear;90.71
Europe;2018-11-01;Other Fossil;8.06
Europe;2018-11-01;Other Renewables;2.48
Europe;2018-11-01;Solar;4.65
Europe;2018-11-01;Wind;38.68
Europe;2018-11-01;Wind and solar;43.33
Europe;2018-12-01;Bioenergy;13.06
Europe;2018-12-01;Clean;233.61
Europe;2018-12-01;Coal;83.73
Europe;2018-12-01;Fossil;210.88
Europe;2018-12-01;Gas;118.72
Europe;2018-12-01;Hydro;67.44
Europe;2018-12-01;Nuclear;102.38
Europe;2018-12-01;Other Fossil;8.43
Europe;2018-12-01;Other Renewables;2.57
Europe;2018-12-01;Solar;3.42
Europe;2018-12-01;Wind;44.74
Europe;2018-12-01;Wind and solar;48.16
Europe;2019-01-01;Bioenergy;12.89
Europe;2019-01-01;Clean;240.21
Europe;2019-01-01;Coal;90.03
Europe;2019-01-01;Fossil;233
Europe;2019-01-01;Gas;132.21
Europe;2019-01-01;Hydro;67.42
Europe;2019-01-01;Nuclear;106.14
Europe;2019-01-01;Other Fossil;10.76
Europe;2019-01-01;Other Renewables;2.61
Europe;2019-01-01;Solar;4.3
Europe;2019-01-01;Wind;46.85
Europe;2019-01-01;Wind and solar;51.15
Europe;2019-02-01;Bioenergy;11.16
Europe;2019-02-01;Clean;219.49
Europe;2019-02-01;Coal;75.56
Europe;2019-02-01;Fossil;192.26
Europe;2019-02-01;Gas;107.74
Europe;2019-02-01;Hydro;61.26
Europe;2019-02-01;Nuclear;97.02
Europe;2019-02-01;Other Fossil;8.96
Europe;2019-02-01;Other Renewables;2.36
Europe;2019-02-01;Solar;8.26
Europe;2019-02-01;Wind;39.43
Europe;2019-02-01;Wind and solar;47.69
Europe;2019-03-01;Bioenergy;12.11
Europe;2019-03-01;Clean;242.02
Europe;2019-03-01;Coal;69.54
Europe;2019-03-01;Fossil;183.71
Europe;2019-03-01;Gas;105.05
Europe;2019-03-01;Hydro;64.87
Europe;2019-03-01;Nuclear;99.13
Europe;2019-03-01;Other Fossil;9.12
Europe;2019-03-01;Other Renewables;2.58
Europe;2019-03-01;Solar;12.06
Europe;2019-03-01;Wind;51.27
Europe;2019-03-01;Wind and solar;63.33
Europe;2019-04-01;Bioenergy;10.74
Europe;2019-04-01;Clean;217.07
Europe;2019-04-01;Coal;63.41
Europe;2019-04-01;Fossil;166.9
Europe;2019-04-01;Gas;95.21
Europe;2019-04-01;Hydro;65.5
Europe;2019-04-01;Nuclear;89.39
Europe;2019-04-01;Other Fossil;8.28
Europe;2019-04-01;Other Renewables;2.53
Europe;2019-04-01;Solar;15.02
Europe;2019-04-01;Wind;33.89
Europe;2019-04-01;Wind and solar;48.91
Europe;2019-05-01;Bioenergy;10.69
Europe;2019-05-01;Clean;221.82
Europe;2019-05-01;Coal;58.78
Europe;2019-05-01;Fossil;156.5
Europe;2019-05-01;Gas;89.75
Europe;2019-05-01;Hydro;74.2
Europe;2019-05-01;Nuclear;86.68
Europe;2019-05-01;Other Fossil;7.97
Europe;2019-05-01;Other Renewables;2.51
Europe;2019-05-01;Solar;16.62
Europe;2019-05-01;Wind;31.12
Europe;2019-05-01;Wind and solar;47.74
Europe;2019-06-01;Bioenergy;9.95
Europe;2019-06-01;Clean;212.68
Europe;2019-06-01;Coal;55.82
Europe;2019-06-01;Fossil;152.75
Europe;2019-06-01;Gas;89.77
Europe;2019-06-01;Hydro;72.86
Europe;2019-06-01;Nuclear;81.36
Europe;2019-06-01;Other Fossil;7.16
Europe;2019-06-01;Other Renewables;2.28
Europe;2019-06-01;Solar;19.38
Europe;2019-06-01;Wind;26.85
Europe;2019-06-01;Wind and solar;46.23
Europe;2019-07-01;Bioenergy;10.35
Europe;2019-07-01;Clean;212.85
Europe;2019-07-01;Coal;62.37
Europe;2019-07-01;Fossil;173.56
Europe;2019-07-01;Gas;103.78
Europe;2019-07-01;Hydro;67.86
Europe;2019-07-01;Nuclear;87.39
Europe;2019-07-01;Other Fossil;7.41
Europe;2019-07-01;Other Renewables;2.39
Europe;2019-07-01;Solar;18.97
Europe;2019-07-01;Wind;25.89
Europe;2019-07-01;Wind and solar;44.86
Europe;2019-08-01;Bioenergy;10.42
Europe;2019-08-01;Clean;208.69
Europe;2019-08-01;Coal;60.82
Europe;2019-08-01;Fossil;166.95
Europe;2019-08-01;Gas;98.35
Europe;2019-08-01;Hydro;64.66
Europe;2019-08-01;Nuclear;86.14
Europe;2019-08-01;Other Fossil;7.78
Europe;2019-08-01;Other Renewables;2.36
Europe;2019-08-01;Solar;17.84
Europe;2019-08-01;Wind;27.27
Europe;2019-08-01;Wind and solar;45.11
Europe;2019-09-01;Bioenergy;9.94
Europe;2019-09-01;Clean;205.17
Europe;2019-09-01;Coal;59.86
Europe;2019-09-01;Fossil;166.79
Europe;2019-09-01;Gas;98.88
Europe;2019-09-01;Hydro;58.67
Europe;2019-09-01;Nuclear;85.83
Europe;2019-09-01;Other Fossil;8.05
Europe;2019-09-01;Other Renewables;2.39
Europe;2019-09-01;Solar;13.82
Europe;2019-09-01;Wind;34.52
Europe;2019-09-01;Wind and solar;48.34
Europe;2019-10-01;Bioenergy;11.07
Europe;2019-10-01;Clean;212.32
Europe;2019-10-01;Coal;68.51
Europe;2019-10-01;Fossil;189.05
Europe;2019-10-01;Gas;111.88
Europe;2019-10-01;Hydro;60.07
Europe;2019-10-01;Nuclear;91.02
Europe;2019-10-01;Other Fossil;8.66
Europe;2019-10-01;Other Renewables;2.56
Europe;2019-10-01;Solar;9.58
Europe;2019-10-01;Wind;38.02
Europe;2019-10-01;Wind and solar;47.6
Europe;2019-11-01;Bioenergy;12.35
Europe;2019-11-01;Clean;225.07
Europe;2019-11-01;Coal;73.87
Europe;2019-11-01;Fossil;196.47
Europe;2019-11-01;Gas;113.73
Europe;2019-11-01;Hydro;70.97
Europe;2019-11-01;Nuclear;91.85
Europe;2019-11-01;Other Fossil;8.87
Europe;2019-11-01;Other Renewables;2.62
Europe;2019-11-01;Solar;5.03
Europe;2019-11-01;Wind;42.25
Europe;2019-11-01;Wind and solar;47.28
Europe;2019-12-01;Bioenergy;13
Europe;2019-12-01;Clean;245.08
Europe;2019-12-01;Coal;71.84
Europe;2019-12-01;Fossil;193.57
Europe;2019-12-01;Gas;112.57
Europe;2019-12-01;Hydro;74.38
Europe;2019-12-01;Nuclear;97.8
Europe;2019-12-01;Other Fossil;9.16
Europe;2019-12-01;Other Renewables;2.7
Europe;2019-12-01;Solar;4.4
Europe;2019-12-01;Wind;52.8
Europe;2019-12-01;Wind and solar;57.2
Europe;2020-01-01;Bioenergy;12.72
Europe;2020-01-01;Clean;247.38
Europe;2020-01-01;Coal;72.21
Europe;2020-01-01;Fossil;205.04
Europe;2020-01-01;Gas;123.7
Europe;2020-01-01;Hydro;70.03
Europe;2020-01-01;Nuclear;101.96
Europe;2020-01-01;Other Fossil;9.13
Europe;2020-01-01;Other Renewables;2.71
Europe;2020-01-01;Solar;5.53
Europe;2020-01-01;Wind;54.43
Europe;2020-01-01;Wind and solar;59.96
Europe;2020-02-01;Bioenergy;11.24
Europe;2020-02-01;Clean;244.88
Europe;2020-02-01;Coal;61.03
Europe;2020-02-01;Fossil;173.4
Europe;2020-02-01;Gas;103.94
Europe;2020-02-01;Hydro;69.94
Europe;2020-02-01;Nuclear;90.27
Europe;2020-02-01;Other Fossil;8.43
Europe;2020-02-01;Other Renewables;2.51
Europe;2020-02-01;Solar;8.22
Europe;2020-02-01;Wind;62.7
Europe;2020-02-01;Wind and solar;70.92
Europe;2020-03-01;Bioenergy;12.3
Europe;2020-03-01;Clean;251.35
Europe;2020-03-01;Coal;58.72
Europe;2020-03-01;Fossil;164.29
Europe;2020-03-01;Gas;97.09
Europe;2020-03-01;Hydro;79.26
Europe;2020-03-01;Nuclear;90.65
Europe;2020-03-01;Other Fossil;8.48
Europe;2020-03-01;Other Renewables;2.71
Europe;2020-03-01;Solar;14.12
Europe;2020-03-01;Wind;52.31
Europe;2020-03-01;Wind and solar;66.43
Europe;2020-04-01;Bioenergy;11.2
Europe;2020-04-01;Clean;219.3
Europe;2020-04-01;Coal;44.48
Europe;2020-04-01;Fossil;127.97
Europe;2020-04-01;Gas;76.23
Europe;2020-04-01;Hydro;71.13
Europe;2020-04-01;Nuclear;80.2
Europe;2020-04-01;Other Fossil;7.26
Europe;2020-04-01;Other Renewables;2.57
Europe;2020-04-01;Solar;19.59
Europe;2020-04-01;Wind;34.61
Europe;2020-04-01;Wind and solar;54.2
Europe;2020-05-01;Bioenergy;11.42
Europe;2020-05-01;Clean;222.52
Europe;2020-05-01;Coal;42.84
Europe;2020-05-01;Fossil;121.76
Europe;2020-05-01;Gas;71.86
Europe;2020-05-01;Hydro;77.48
Europe;2020-05-01;Nuclear;76.6
Europe;2020-05-01;Other Fossil;7.06
Europe;2020-05-01;Other Renewables;2.57
Europe;2020-05-01;Solar;21.72
Europe;2020-05-01;Wind;32.73
Europe;2020-05-01;Wind and solar;54.45
Europe;2020-06-01;Bioenergy;10.46
Europe;2020-06-01;Clean;204.7
Europe;2020-06-01;Coal;48.05
Europe;2020-06-01;Fossil;137.44
Europe;2020-06-01;Gas;82.64
Europe;2020-06-01;Hydro;73.18
Europe;2020-06-01;Nuclear;70.23
Europe;2020-06-01;Other Fossil;6.75
Europe;2020-06-01;Other Renewables;2.42
Europe;2020-06-01;Solar;20.58
Europe;2020-06-01;Wind;27.83
Europe;2020-06-01;Wind and solar;48.41
Europe;2020-07-01;Bioenergy;10.59
Europe;2020-07-01;Clean;210.16
Europe;2020-07-01;Coal;52.1
Europe;2020-07-01;Fossil;161.17
Europe;2020-07-01;Gas;101.72
Europe;2020-07-01;Hydro;69.05
Europe;2020-07-01;Nuclear;74.12
Europe;2020-07-01;Other Fossil;7.35
Europe;2020-07-01;Other Renewables;2.4
Europe;2020-07-01;Solar;22.32
Europe;2020-07-01;Wind;31.68
Europe;2020-07-01;Wind and solar;54
Europe;2020-08-01;Bioenergy;10.39
Europe;2020-08-01;Clean;204.44
Europe;2020-08-01;Coal;54.88
Europe;2020-08-01;Fossil;163.71
Europe;2020-08-01;Gas;101.03
Europe;2020-08-01;Hydro;66.58
Europe;2020-08-01;Nuclear;75.4
Europe;2020-08-01;Other Fossil;7.8
Europe;2020-08-01;Other Renewables;2.39
Europe;2020-08-01;Solar;20.24
Europe;2020-08-01;Wind;29.44
Europe;2020-08-01;Wind and solar;49.68
Europe;2020-09-01;Bioenergy;10.24
Europe;2020-09-01;Clean;202.25
Europe;2020-09-01;Coal;58.34
Europe;2020-09-01;Fossil;165.16
Europe;2020-09-01;Gas;98.86
Europe;2020-09-01;Hydro;62.72
Europe;2020-09-01;Nuclear;76.72
Europe;2020-09-01;Other Fossil;7.96
Europe;2020-09-01;Other Renewables;2.37
Europe;2020-09-01;Solar;16.66
Europe;2020-09-01;Wind;33.54
Europe;2020-09-01;Wind and solar;50.2
Europe;2020-10-01;Bioenergy;11.3
Europe;2020-10-01;Clean;230.78
Europe;2020-10-01;Coal;61.89
Europe;2020-10-01;Fossil;166.42
Europe;2020-10-01;Gas;96.47
Europe;2020-10-01;Hydro;69.6
Europe;2020-10-01;Nuclear;88.42
Europe;2020-10-01;Other Fossil;8.06
Europe;2020-10-01;Other Renewables;2.57
Europe;2020-10-01;Solar;10.31
Europe;2020-10-01;Wind;48.58
Europe;2020-10-01;Wind and solar;58.89
Europe;2020-11-01;Bioenergy;11.92
Europe;2020-11-01;Clean;221.06
Europe;2020-11-01;Coal;69.3
Europe;2020-11-01;Fossil;188.78
Europe;2020-11-01;Gas;111
Europe;2020-11-01;Hydro;65.43
Europe;2020-11-01;Nuclear;90.07
Europe;2020-11-01;Other Fossil;8.48
Europe;2020-11-01;Other Renewables;2.62
Europe;2020-11-01;Solar;7.06
Europe;2020-11-01;Wind;43.96
Europe;2020-11-01;Wind and solar;51.02
Europe;2020-12-01;Bioenergy;13.28
Europe;2020-12-01;Clean;242.19
Europe;2020-12-01;Coal;73.05
Europe;2020-12-01;Fossil;204.76
Europe;2020-12-01;Gas;122.8
Europe;2020-12-01;Hydro;71.98
Europe;2020-12-01;Nuclear;98.34
Europe;2020-12-01;Other Fossil;8.91
Europe;2020-12-01;Other Renewables;2.77
Europe;2020-12-01;Solar;4.41
Europe;2020-12-01;Wind;51.41
Europe;2020-12-01;Wind and solar;55.82
Europe;2021-01-01;Bioenergy;13.67
Europe;2021-01-01;Clean;251.06
Europe;2021-01-01;Coal;76.49
Europe;2021-01-01;Fossil;213.1
Europe;2021-01-01;Gas;127.33
Europe;2021-01-01;Hydro;79.07
Europe;2021-01-01;Nuclear;101.4
Europe;2021-01-01;Other Fossil;9.28
Europe;2021-01-01;Other Renewables;2.76
Europe;2021-01-01;Solar;5.05
Europe;2021-01-01;Wind;49.11
Europe;2021-01-01;Wind and solar;54.16
Europe;2021-02-01;Bioenergy;12.35
Europe;2021-02-01;Clean;235.98
Europe;2021-02-01;Coal;64.49
Europe;2021-02-01;Fossil;181
Europe;2021-02-01;Gas;108.12
Europe;2021-02-01;Hydro;74.36
Europe;2021-02-01;Nuclear;88.63
Europe;2021-02-01;Other Fossil;8.39
Europe;2021-02-01;Other Renewables;2.49
Europe;2021-02-01;Solar;8.95
Europe;2021-02-01;Wind;49.2
Europe;2021-02-01;Wind and solar;58.15
Europe;2021-03-01;Bioenergy;13.3
Europe;2021-03-01;Clean;249.29
Europe;2021-03-01;Coal;63.98
Europe;2021-03-01;Fossil;187.24
Europe;2021-03-01;Gas;114.83
Europe;2021-03-01;Hydro;72.69
Europe;2021-03-01;Nuclear;96.34
Europe;2021-03-01;Other Fossil;8.43
Europe;2021-03-01;Other Renewables;2.77
Europe;2021-03-01;Solar;16.14
Europe;2021-03-01;Wind;48.05
Europe;2021-03-01;Wind and solar;64.19
Europe;2021-04-01;Bioenergy;12.11
Europe;2021-04-01;Clean;226.54
Europe;2021-04-01;Coal;55.32
Europe;2021-04-01;Fossil;164.16
Europe;2021-04-01;Gas;101.19
Europe;2021-04-01;Hydro;69.02
Europe;2021-04-01;Nuclear;85.43
Europe;2021-04-01;Other Fossil;7.65
Europe;2021-04-01;Other Renewables;2.59
Europe;2021-04-01;Solar;19.77
Europe;2021-04-01;Wind;37.62
Europe;2021-04-01;Wind and solar;57.39
Europe;2021-05-01;Bioenergy;11.96
Europe;2021-05-01;Clean;238.54
Europe;2021-05-01;Coal;47.05
Europe;2021-05-01;Fossil;137.15
Europe;2021-05-01;Gas;82.53
Europe;2021-05-01;Hydro;79.06
Europe;2021-05-01;Nuclear;82.59
Europe;2021-05-01;Other Fossil;7.57
Europe;2021-05-01;Other Renewables;2.58
Europe;2021-05-01;Solar;23.08
Europe;2021-05-01;Wind;39.27
Europe;2021-05-01;Wind and solar;62.35
Europe;2021-06-01;Bioenergy;10.66
Europe;2021-06-01;Clean;218.93
Europe;2021-06-01;Coal;51.39
Europe;2021-06-01;Fossil;148.56
Europe;2021-06-01;Gas;89.85
Europe;2021-06-01;Hydro;75.23
Europe;2021-06-01;Nuclear;81.37
Europe;2021-06-01;Other Fossil;7.32
Europe;2021-06-01;Other Renewables;2.46
Europe;2021-06-01;Solar;25.4
Europe;2021-06-01;Wind;23.81
Europe;2021-06-01;Wind and solar;49.21
Europe;2021-07-01;Bioenergy;10.99
Europe;2021-07-01;Clean;224.74
Europe;2021-07-01;Coal;58.6
Europe;2021-07-01;Fossil;163.19
Europe;2021-07-01;Gas;96.61
Europe;2021-07-01;Hydro;71.67
Europe;2021-07-01;Nuclear;85.18
Europe;2021-07-01;Other Fossil;7.98
Europe;2021-07-01;Other Renewables;2.5
Europe;2021-07-01;Solar;24.71
Europe;2021-07-01;Wind;29.69
Europe;2021-07-01;Wind and solar;54.4
Europe;2021-08-01;Bioenergy;11.02
Europe;2021-08-01;Clean;220.95
Europe;2021-08-01;Coal;59.49
Europe;2021-08-01;Fossil;160.09
Europe;2021-08-01;Gas;92.51
Europe;2021-08-01;Hydro;67.48
Europe;2021-08-01;Nuclear;84.44
Europe;2021-08-01;Other Fossil;8.09
Europe;2021-08-01;Other Renewables;2.44
Europe;2021-08-01;Solar;21.99
Europe;2021-08-01;Wind;33.58
Europe;2021-08-01;Wind and solar;55.57
Europe;2021-09-01;Bioenergy;10.97
Europe;2021-09-01;Clean;205.04
Europe;2021-09-01;Coal;64.41
Europe;2021-09-01;Fossil;171.32
Europe;2021-09-01;Gas;99.03
Europe;2021-09-01;Hydro;57.04
Europe;2021-09-01;Nuclear;86.47
Europe;2021-09-01;Other Fossil;7.88
Europe;2021-09-01;Other Renewables;2.49
Europe;2021-09-01;Solar;18.51
Europe;2021-09-01;Wind;29.56
Europe;2021-09-01;Wind and solar;48.07
Europe;2021-10-01;Bioenergy;12.25
Europe;2021-10-01;Clean;228.15
Europe;2021-10-01;Coal;65.43
Europe;2021-10-01;Fossil;175.71
Europe;2021-10-01;Gas;101.94
Europe;2021-10-01;Hydro;56.31
Europe;2021-10-01;Nuclear;91.67
Europe;2021-10-01;Other Fossil;8.34
Europe;2021-10-01;Other Renewables;2.68
Europe;2021-10-01;Solar;13.83
Europe;2021-10-01;Wind;51.41
Europe;2021-10-01;Wind and solar;65.24
Europe;2021-11-01;Bioenergy;12.98
Europe;2021-11-01;Clean;223.74
Europe;2021-11-01;Coal;73.55
Europe;2021-11-01;Fossil;204.78
Europe;2021-11-01;Gas;122.15
Europe;2021-11-01;Hydro;61.23
Europe;2021-11-01;Nuclear;92.35
Europe;2021-11-01;Other Fossil;9.08
Europe;2021-11-01;Other Renewables;2.64
Europe;2021-11-01;Solar;7.29
Europe;2021-11-01;Wind;47.25
Europe;2021-11-01;Wind and solar;54.54
Europe;2021-12-01;Bioenergy;14.39
Europe;2021-12-01;Clean;246.23
Europe;2021-12-01;Coal;78.91
Europe;2021-12-01;Fossil;217.39
Europe;2021-12-01;Gas;128.62
Europe;2021-12-01;Hydro;69.32
Europe;2021-12-01;Nuclear;98.3
Europe;2021-12-01;Other Fossil;9.86
Europe;2021-12-01;Other Renewables;2.76
Europe;2021-12-01;Solar;5.41
Europe;2021-12-01;Wind;56.05
Europe;2021-12-01;Wind and solar;61.46
Europe;2022-01-01;Bioenergy;13.78
Europe;2022-01-01;Clean;251.76
Europe;2022-01-01;Coal;77.3
Europe;2022-01-01;Fossil;216.19
Europe;2022-01-01;Gas;129.18
Europe;2022-01-01;Hydro;67.87
Europe;2022-01-01;Nuclear;99.36
Europe;2022-01-01;Other Fossil;9.71
Europe;2022-01-01;Other Renewables;2.86
Europe;2022-01-01;Solar;7.39
Europe;2022-01-01;Wind;60.5
Europe;2022-01-01;Wind and solar;67.89
Europe;2022-02-01;Bioenergy;12.23
Europe;2022-02-01;Clean;235.95
Europe;2022-02-01;Coal;65.1
Europe;2022-02-01;Fossil;176.67
Europe;2022-02-01;Gas;103.38
Europe;2022-02-01;Hydro;57.55
Europe;2022-02-01;Nuclear;85.26
Europe;2022-02-01;Other Fossil;8.19
Europe;2022-02-01;Other Renewables;2.56
Europe;2022-02-01;Solar;10.98
Europe;2022-02-01;Wind;67.37
Europe;2022-02-01;Wind and solar;78.35
Europe;2022-03-01;Bioenergy;13.29
Europe;2022-03-01;Clean;233.22
Europe;2022-03-01;Coal;75.1
Europe;2022-03-01;Fossil;199.07
Europe;2022-03-01;Gas;114.6
Europe;2022-03-01;Hydro;65.83
Europe;2022-03-01;Nuclear;86.7
Europe;2022-03-01;Other Fossil;9.37
Europe;2022-03-01;Other Renewables;2.88
Europe;2022-03-01;Solar;19.17
Europe;2022-03-01;Wind;45.35
Europe;2022-03-01;Wind and solar;64.52
Europe;2022-04-01;Bioenergy;11.88
Europe;2022-04-01;Clean;227.16
Europe;2022-04-01;Coal;58.71
Europe;2022-04-01;Fossil;157.09
Europe;2022-04-01;Gas;90.74
Europe;2022-04-01;Hydro;66.48
Europe;2022-04-01;Nuclear;77.05
Europe;2022-04-01;Other Fossil;7.64
Europe;2022-04-01;Other Renewables;2.65
Europe;2022-04-01;Solar;23.06
Europe;2022-04-01;Wind;46.04
Europe;2022-04-01;Wind and solar;69.1
Europe;2022-05-01;Bioenergy;11.23
Europe;2022-05-01;Clean;223.81
Europe;2022-05-01;Coal;53.37
Europe;2022-05-01;Fossil;147.64
Europe;2022-05-01;Gas;86.65
Europe;2022-05-01;Hydro;72.15
Europe;2022-05-01;Nuclear;71.55
Europe;2022-05-01;Other Fossil;7.62
Europe;2022-05-01;Other Renewables;2.64
Europe;2022-05-01;Solar;29.14
Europe;2022-05-01;Wind;37.1
Europe;2022-05-01;Wind and solar;66.24
Europe;2022-06-01;Bioenergy;10.88
Europe;2022-06-01;Clean;210.69
Europe;2022-06-01;Coal;56.36
Europe;2022-06-01;Fossil;152.41
Europe;2022-06-01;Gas;88.69
Europe;2022-06-01;Hydro;68.57
Europe;2022-06-01;Nuclear;68.1
Europe;2022-06-01;Other Fossil;7.36
Europe;2022-06-01;Other Renewables;2.38
Europe;2022-06-01;Solar;30.09
Europe;2022-06-01;Wind;30.67
Europe;2022-06-01;Wind and solar;60.76
Europe;2022-07-01;Bioenergy;11.32
Europe;2022-07-01;Clean;212.94
Europe;2022-07-01;Coal;61.3
Europe;2022-07-01;Fossil;166.53
Europe;2022-07-01;Gas;97.41
Europe;2022-07-01;Hydro;60.46
Europe;2022-07-01;Nuclear;71.52
Europe;2022-07-01;Other Fossil;7.82
Europe;2022-07-01;Other Renewables;2.43
Europe;2022-07-01;Solar;31.7
Europe;2022-07-01;Wind;35.51
Europe;2022-07-01;Wind and solar;67.21
Europe;2022-08-01;Bioenergy;11.27
Europe;2022-08-01;Clean;199.87
Europe;2022-08-01;Coal;64.83
Europe;2022-08-01;Fossil;176.04
Europe;2022-08-01;Gas;103.61
Europe;2022-08-01;Hydro;56.71
Europe;2022-08-01;Nuclear;71.22
Europe;2022-08-01;Other Fossil;7.6
Europe;2022-08-01;Other Renewables;2.44
Europe;2022-08-01;Solar;28.99
Europe;2022-08-01;Wind;29.24
Europe;2022-08-01;Wind and solar;58.23
Europe;2022-09-01;Bioenergy;11.34
Europe;2022-09-01;Clean;193.66
Europe;2022-09-01;Coal;64.94
Europe;2022-09-01;Fossil;169.38
Europe;2022-09-01;Gas;96.74
Europe;2022-09-01;Hydro;50.53
Europe;2022-09-01;Nuclear;71.36
Europe;2022-09-01;Other Fossil;7.7
Europe;2022-09-01;Other Renewables;2.41
Europe;2022-09-01;Solar;21.13
Europe;2022-09-01;Wind;36.89
Europe;2022-09-01;Wind and solar;58.02
Europe;2022-10-01;Bioenergy;10.69
Europe;2022-10-01;Clean;206.28
Europe;2022-10-01;Coal;64.07
Europe;2022-10-01;Fossil;172.28
Europe;2022-10-01;Gas;100.27
Europe;2022-10-01;Hydro;52.16
Europe;2022-10-01;Nuclear;73.76
Europe;2022-10-01;Other Fossil;7.94
Europe;2022-10-01;Other Renewables;2.61
Europe;2022-10-01;Solar;16.1
Europe;2022-10-01;Wind;50.96
Europe;2022-10-01;Wind and solar;67.06
Europe;2022-11-01;Bioenergy;12.17
Europe;2022-11-01;Clean;214.57
Europe;2022-11-01;Coal;72.11
Europe;2022-11-01;Fossil;184.75
Europe;2022-11-01;Gas;104.32
Europe;2022-11-01;Hydro;57.08
Europe;2022-11-01;Nuclear;77.66
Europe;2022-11-01;Other Fossil;8.32
Europe;2022-11-01;Other Renewables;2.59
Europe;2022-11-01;Solar;8.99
Europe;2022-11-01;Wind;56.08
Europe;2022-11-01;Wind and solar;65.07
Europe;2022-12-01;Bioenergy;13.48
Europe;2022-12-01;Clean;224.75
Europe;2022-12-01;Coal;82.04
Europe;2022-12-01;Fossil;213.4
Europe;2022-12-01;Gas;122.15
Europe;2022-12-01;Hydro;64.22
Europe;2022-12-01;Nuclear;85.2
Europe;2022-12-01;Other Fossil;9.21
Europe;2022-12-01;Other Renewables;2.71
Europe;2022-12-01;Solar;5.65
Europe;2022-12-01;Wind;53.49
Europe;2022-12-01;Wind and solar;59.14
Europe;2023-01-01;Bioenergy;12.61
Europe;2023-01-01;Clean;246.86
Europe;2023-01-01;Coal;75.68
Europe;2023-01-01;Fossil;196.47
Europe;2023-01-01;Gas;111.78
Europe;2023-01-01;Hydro;67.52
Europe;2023-01-01;Nuclear;87.61
Europe;2023-01-01;Other Fossil;9.01
Europe;2023-01-01;Other Renewables;2.72
Europe;2023-01-01;Solar;7.74
Europe;2023-01-01;Wind;68.66
Europe;2023-01-01;Wind and solar;76.4
Europe;2023-02-01;Bioenergy;11.74
Europe;2023-02-01;Clean;213.9
Europe;2023-02-01;Coal;67.97
Europe;2023-02-01;Fossil;186.54
Europe;2023-02-01;Gas;110.14
Europe;2023-02-01;Hydro;57.27
Europe;2023-02-01;Nuclear;78.11
Europe;2023-02-01;Other Fossil;8.43
Europe;2023-02-01;Other Renewables;2.46
Europe;2023-02-01;Solar;12.78
Europe;2023-02-01;Wind;51.54
Europe;2023-02-01;Wind and solar;64.32
Europe;2023-03-01;Bioenergy;12.18
Europe;2023-03-01;Clean;238.81
Europe;2023-03-01;Coal;63.88
Europe;2023-03-01;Fossil;177.57
Europe;2023-03-01;Gas;104.91
Europe;2023-03-01;Hydro;65.62
Europe;2023-03-01;Nuclear;79.72
Europe;2023-03-01;Other Fossil;8.78
Europe;2023-03-01;Other Renewables;2.66
Europe;2023-03-01;Solar;19.42
Europe;2023-03-01;Wind;59.21
Europe;2023-03-01;Wind and solar;78.63
Europe;2023-04-01;Bioenergy;11.16
Europe;2023-04-01;Clean;225.06
Europe;2023-04-01;Coal;50.78
Europe;2023-04-01;Fossil;143.81
Europe;2023-04-01;Gas;85.83
Europe;2023-04-01;Hydro;66.22
Europe;2023-04-01;Nuclear;75.22
Europe;2023-04-01;Other Fossil;7.2
Europe;2023-04-01;Other Renewables;2.55
Europe;2023-04-01;Solar;26.75
Europe;2023-04-01;Wind;43.16
Europe;2023-04-01;Wind and solar;69.91
Europe;2023-05-01;Bioenergy;9.84
Europe;2023-05-01;Clean;227.12
Europe;2023-05-01;Coal;44.45
Europe;2023-05-01;Fossil;130.99
Europe;2023-05-01;Gas;79.57
Europe;2023-05-01;Hydro;72.94
Europe;2023-05-01;Nuclear;68.71
Europe;2023-05-01;Other Fossil;6.97
Europe;2023-05-01;Other Renewables;2.54
Europe;2023-05-01;Solar;33.28
Europe;2023-05-01;Wind;39.81
Europe;2023-05-01;Wind and solar;73.09
Europe;2023-06-01;Bioenergy;8.66
Europe;2023-06-01;Clean;217.36
Europe;2023-06-01;Coal;44.16
Europe;2023-06-01;Fossil;128.38
Europe;2023-06-01;Gas;78.05
Europe;2023-06-01;Hydro;70.93
Europe;2023-06-01;Nuclear;69.67
Europe;2023-06-01;Other Fossil;6.17
Europe;2023-06-01;Other Renewables;2.33
Europe;2023-06-01;Solar;37.01
Europe;2023-06-01;Wind;28.76
Europe;2023-06-01;Wind and solar;65.77
Europe;2023-07-01;Bioenergy;9.5
Europe;2023-07-01;Clean;228.56
Europe;2023-07-01;Coal;48.47
Europe;2023-07-01;Fossil;142.69
Europe;2023-07-01;Gas;87.32
Europe;2023-07-01;Hydro;64.63
Europe;2023-07-01;Nuclear;74.6
Europe;2023-07-01;Other Fossil;6.9
Europe;2023-07-01;Other Renewables;2.36
Europe;2023-07-01;Solar;36.42
Europe;2023-07-01;Wind;41.05
Europe;2023-07-01;Wind and solar;77.47
Europe;2023-08-01;Bioenergy;9.64
Europe;2023-08-01;Clean;220.18
Europe;2023-08-01;Coal;51.72
Europe;2023-08-01;Fossil;150.43
Europe;2023-08-01;Gas;91.41
Europe;2023-08-01;Hydro;65.64
Europe;2023-08-01;Nuclear;73.22
Europe;2023-08-01;Other Fossil;7.3
Europe;2023-08-01;Other Renewables;2.31
Europe;2023-08-01;Solar;32.84
Europe;2023-08-01;Wind;36.53
Europe;2023-08-01;Wind and solar;69.37
Europe;2023-09-01;Bioenergy;9.62
Europe;2023-09-01;Clean;212
Europe;2023-09-01;Coal;52.02
Europe;2023-09-01;Fossil;145.22
Europe;2023-09-01;Gas;86.2
Europe;2023-09-01;Hydro;58.93
Europe;2023-09-01;Nuclear;74.59
Europe;2023-09-01;Other Fossil;7
Europe;2023-09-01;Other Renewables;2.4
Europe;2023-09-01;Solar;29
Europe;2023-09-01;Wind;37.46
Europe;2023-09-01;Wind and solar;66.46
Europe;2023-10-01;Bioenergy;10.65
Europe;2023-10-01;Clean;228.69
Europe;2023-10-01;Coal;57.74
Europe;2023-10-01;Fossil;156.09
Europe;2023-10-01;Gas;90.84
Europe;2023-10-01;Hydro;61.49
Europe;2023-10-01;Nuclear;78.94
Europe;2023-10-01;Other Fossil;7.51
Europe;2023-10-01;Other Renewables;2.58
Europe;2023-10-01;Solar;18.59
Europe;2023-10-01;Wind;56.44
Europe;2023-10-01;Wind and solar;75.03
Europe;2023-11-01;Bioenergy;11.83
Europe;2023-11-01;Clean;241.98
Europe;2023-11-01;Coal;63.02
Europe;2023-11-01;Fossil;167.05
Europe;2023-11-01;Gas;95.99
Europe;2023-11-01;Hydro;73.46
Europe;2023-11-01;Nuclear;79.06
Europe;2023-11-01;Other Fossil;8.04
Europe;2023-11-01;Other Renewables;2.63
Europe;2023-11-01;Solar;10.76
Europe;2023-11-01;Wind;64.24
Europe;2023-11-01;Wind and solar;75
Europe;2023-12-01;Bioenergy;12.43
Europe;2023-12-01;Clean;259.06
Europe;2023-12-01;Coal;65.86
Europe;2023-12-01;Fossil;181.81
Europe;2023-12-01;Gas;107.41
Europe;2023-12-01;Hydro;77.45
Europe;2023-12-01;Nuclear;87.98
Europe;2023-12-01;Other Fossil;8.54
Europe;2023-12-01;Other Renewables;2.72
Europe;2023-12-01;Solar;8.38
Europe;2023-12-01;Wind;70.1
Europe;2023-12-01;Wind and solar;78.48
Europe;2024-01-01;Bioenergy;12.58
Europe;2024-01-01;Clean;269.56
Europe;2024-01-01;Coal;65.44
Europe;2024-01-01;Fossil;191.5
Europe;2024-01-01;Gas;117.11
Europe;2024-01-01;Hydro;80.59
Europe;2024-01-01;Nuclear;91.11
Europe;2024-01-01;Other Fossil;8.95
Europe;2024-01-01;Other Renewables;2.69
Europe;2024-01-01;Solar;10.32
Europe;2024-01-01;Wind;72.27
Europe;2024-01-01;Wind and solar;82.59
Europe;2024-02-01;Bioenergy;11.68
Europe;2024-02-01;Clean;247.88
Europe;2024-02-01;Coal;58
Europe;2024-02-01;Fossil;164.5
Europe;2024-02-01;Gas;98.71
Europe;2024-02-01;Hydro;71.9
Europe;2024-02-01;Nuclear;80.45
Europe;2024-02-01;Other Fossil;7.79
Europe;2024-02-01;Other Renewables;2.58
Europe;2024-02-01;Solar;14.45
Europe;2024-02-01;Wind;66.82
Europe;2024-02-01;Wind and solar;81.27
Europe;2024-03-01;Bioenergy;12.13
Europe;2024-03-01;Clean;251.87
Europe;2024-03-01;Coal;56.44
Europe;2024-03-01;Fossil;160.45
Europe;2024-03-01;Gas;96.45
Europe;2024-03-01;Hydro;79.04
Europe;2024-03-01;Nuclear;79.89
Europe;2024-03-01;Other Fossil;7.56
Europe;2024-03-01;Other Renewables;2.69
Europe;2024-03-01;Solar;23.84
Europe;2024-03-01;Wind;54.28
Europe;2024-03-01;Wind and solar;78.12
Europe;2024-04-01;Bioenergy;11.65
Europe;2024-04-01;Clean;247.5
Europe;2024-04-01;Coal;42.47
Europe;2024-04-01;Fossil;125.02
Europe;2024-04-01;Gas;76.05
Europe;2024-04-01;Hydro;74.33
Europe;2024-04-01;Nuclear;73.2
Europe;2024-04-01;Other Fossil;6.5
Europe;2024-04-01;Other Renewables;2.48
Europe;2024-04-01;Solar;32.21
Europe;2024-04-01;Wind;53.63
Europe;2024-04-01;Wind and solar;85.84
Europe;2024-05-01;Bioenergy;11.21
Europe;2024-05-01;Clean;240.07
Europe;2024-05-01;Coal;41.14
Europe;2024-05-01;Fossil;119.41
Europe;2024-05-01;Gas;71.74
Europe;2024-05-01;Hydro;79.67
Europe;2024-05-01;Nuclear;71.85
Europe;2024-05-01;Other Fossil;6.53
Europe;2024-05-01;Other Renewables;2.54
Europe;2024-05-01;Solar;39.93
Europe;2024-05-01;Wind;34.87
Europe;2024-05-01;Wind and solar;74.8